"Country,Score,GDP,Population"
"Finland,7.769,1.34,5521606.0"
"Denmark,7.6,1.383,5814422.0"
"Norway,7.554,1.488,5347896.0"
"Iceland,7.494,1.38,360563.0"
"Netherlands,7.488,1.396,17344874.0"
"Switzerland,7.48,1.452,8575280.0"
"Sweden,7.343,1.387,10278887.0"
"New Zealand,7.307,1.303,4970300.0"
"Canada,7.278,1.365,37618495.0"
"Austria,7.246,1.376,8879920.0"
"Australia,7.228,1.372,25334826.0"
"Costa Rica,7.167,1.034,4999553.0"
"Israel,7.139,1.276,9054000.0"
"Luxembourg,7.09,1.609,620001.0"
"United Kingdom,7.054,1.333,66631000.0"
"Ireland,7.021,1.499,4976456.0"
"Germany,6.985,1.373,83092962.0"
"Belgium,6.923,1.356,11488980.0"
"United States,6.892,1.433,330226227.0"
"Czechia,6.852,1.269,10671870.0"
"United Arab Emirates,6.825,1.503,9445785.0"
"Malta,6.726,1.3,503912.0"
"Mexico,6.595,1.07,125762982.0"
"France,6.592,1.324,67382061.0"
"Chile,6.444,1.159,19197744.0"
"Guatemala,6.436,0.8,17103803.0"
"Saudi Arabia,6.375,1.403,30063799.0"
"Qatar,6.374,1.684,2638657.0"
"Spain,6.354,1.286,47118501.0"
"Panama,6.321,1.149,4234700.0"
"Brazil,6.3,1.004,207455459.0"
"Uruguay,6.293,1.124,3397206.0"
"Singapore,6.262,1.572,5703569.0"
"El Salvador,6.253,0.794,6222318.0"
"Italy,6.223,1.294,59729081.0"
"Bahrain,6.199,1.362,1483756.0"
"Poland,6.182,1.206,37965475.0"
"Uzbekistan,6.174,0.745,32964701.0"
"Lithuania,6.149,1.238,2811089.0"
"Colombia,6.125,0.985,49907985.0"
"Slovenia,6.118,1.258,2088385.0"
"Nicaragua,6.105,0.694,6483657.0"
"Kosovo,6.1,0.882,1788891.0"
"Argentina,6.086,1.092,44973465.0"
"Romania,6.07,1.162,19371648.0"
"Cyprus,6.046,1.263,1286671.0"
"Ecuador,6.028,0.912,17340021.0"
"Kuwait,6.021,1.5,4442316.0"
"Thailand,6.008,1.05,71522271.0"
"Latvia,5.94,1.187,1913822.0"
"Korea, Rep.,5.895,1.301,51764822.0"
"Estonia,5.893,1.237,1326898.0"
"Jamaica,5.89,0.831,2823271.0"
"Mauritius,5.888,1.12,1265985.0"
"Japan,5.886,1.327,126633000.0"
"Honduras,5.86,0.642,9943633.0"
"Kazakhstan,5.809,1.173,19209555.0"
"Bolivia,5.779,0.776,11671386.0"
"Hungary,5.758,1.201,9694824.0"
"Paraguay,5.743,0.855,6515058.0"
"Peru,5.697,0.96,32449303.0"
"Portugal,5.693,1.221,10286263.0"
"Pakistan,5.653,0.677,230800899.0"
"Russian Federation,5.648,1.183,145453291.0"
"Philippines,5.631,0.807,110804683.0"
"Serbia,5.603,1.004,6945235.0"
"Moldova,5.529,0.685,2664224.0"
"Libya,5.525,1.044,6951033.0"
"Montenegro,5.523,1.051,626753.0"
"Tajikistan,5.467,0.493,9529966.0"
"Croatia,5.432,1.155,3949390.0"
"Hong Kong SAR, China,5.43,1.438,7507900.0"
"Dominican Republic,5.425,1.015,10894043.0"
"Bosnia and Herzegovina,5.386,0.945,3345533.0"
"Malaysia,5.339,1.221,33440596.0"
"Belarus,5.323,1.067,9419758.0"
"Greece,5.287,1.181,10721582.0"
"Mongolia,5.285,0.948,3267673.0"
"North Macedonia,5.274,0.983,1876262.0"
"Nigeria,5.265,0.696,209485641.0"
"Kyrgyz Republic,5.261,0.551,6590211.0"
"Turkmenistan,5.247,1.052,6803944.0"
"Algeria,5.211,1.002,43294546.0"
"Morocco,5.208,0.801,36210898.0"
"Azerbaijan,5.208,1.043,10024283.0"
"Lebanon,5.197,0.987,5794594.0"
"Indonesia,5.192,0.931,272489381.0"
"China,5.191,1.029,1407745000.0"
"Viet Nam,5.175,0.741,97173776.0"
"Bhutan,5.082,0.813,764824.0"
"Cameroon,5.044,0.549,25506095.0"
"Bulgaria,5.011,1.092,6616726.0"
"Ghana,4.996,0.611,31258945.0"
"Cote d'Ivoire,4.944,0.569,28193009.0"
"Nepal,4.913,0.446,28414064.0"
"Jordan,4.906,0.837,10671891.0"
"Benin,4.883,0.393,12726755.0"
"Congo, Rep.,4.812,0.673,5616661.0"
"Gabon,4.799,1.057,2267706.0"
"Lao PDR,4.796,0.764,7237636.0"
"South Africa,4.722,0.96,59587885.0"
"Albania,4.719,0.947,2567801.0"
"Venezuela, RB,4.707,0.96,28938098.0"
"Cambodia,4.7,0.574,16481304.0"
"Senegal,4.681,0.45,16352922.0"
"Namibia,4.639,0.879,2650494.0"
"Niger,4.628,0.138,22947757.0"
"Burkina Faso,4.587,0.331,20961952.0"
"Armenia,4.559,0.85,2962500.0"
"Iran, Islamic Rep.,4.548,1.1,87051648.0"
"Guinea,4.534,0.38,13034346.0"
"Georgia,4.519,0.886,3720161.0"
"Kenya,4.509,0.512,51202827.0"
"Mauritania,4.49,0.57,4467708.0"
"Mozambique,4.466,0.204,29884380.0"
"Tunisia,4.461,0.921,11875081.0"
"Bangladesh,4.456,0.562,164913055.0"
"Iraq,4.437,1.043,41192171.0"
"Congo, Dem. Rep.,4.418,0.094,92947442.0"
"Mali,4.39,0.385,21068405.0"
"Sierra Leone,4.374,0.268,7731991.0"
"Sri Lanka,4.366,0.949,21803000.0"
"Myanmar,4.36,0.71,52640713.0"
"Chad,4.35,0.35,16685223.0"
"Ukraine,4.332,0.82,44957458.0"
"Ethiopia,4.286,0.336,115737383.0"
"Uganda,4.189,0.332,42999637.0"
"Egypt, Arab Rep.,4.166,0.913,107553158.0"
"Zambia,4.107,0.578,18513839.0"
"Togo,4.085,0.275,8463068.0"
"India,4.015,0.755,1389030312.0"
"Liberia,3.975,0.073,5043721.0"
"Comoros,3.973,0.274,786578.0"
"Madagascar,3.933,0.274,28219554.0"
"Lesotho,3.802,0.489,2209405.0"
"Burundi,3.775,0.046,12255336.0"
"Zimbabwe,3.663,0.366,15271368.0"
"Haiti,3.597,0.323,11105163.0"
"Botswana,3.488,1.041,2332083.0"
"Syrian Arab Republic,3.462,0.619,20353534.0"
"Malawi,3.41,0.191,19025752.0"
"Yemen, Rep.,3.38,0.287,35111408.0"
"Rwanda,3.334,0.359,12776103.0"
"Tanzania,3.231,0.476,59174891.0"
"Afghanistan,3.203,0.35,37856121.0"
"Central African Republic,3.083,0.026,4944703.0"
"South Sudan,2.853,0.306,10423384.0"
