"Country Name,Country Code,Year,Population"
"Africa Eastern and Southern,AFE,2019,675950189.0"
"Africa Eastern and Southern,AFE,2018,657801085.0"
"Africa Eastern and Southern,AFE,2017,640058741.0"
"Africa Eastern and Southern,AFE,2016,623369401.0"
"Africa Eastern and Southern,AFE,2015,607123269.0"
"Africa Eastern and Southern,AFE,2014,590968990.0"
"Africa Eastern and Southern,AFE,2013,575202699.0"
"Africa Eastern and Southern,AFE,2012,559609961.0"
"Africa Eastern and Southern,AFE,2011,544737983.0"
"Africa Eastern and Southern,AFE,2010,530308387.0"
"Africa Western and Central,AFW,2019,463365429.0"
"Africa Western and Central,AFW,2018,452195915.0"
"Africa Western and Central,AFW,2017,440882906.0"
"Africa Western and Central,AFW,2016,429454743.0"
"Africa Western and Central,AFW,2015,418127845.0"
"Africa Western and Central,AFW,2014,406992047.0"
"Africa Western and Central,AFW,2013,396030207.0"
"Africa Western and Central,AFW,2012,385360349.0"
"Africa Western and Central,AFW,2011,374790143.0"
"Africa Western and Central,AFW,2010,364358270.0"
"Arab World,ARB,2019,444281315.0"
"Arab World,ARB,2018,435998060.0"
"Arab World,ARB,2017,428315886.0"
"Arab World,ARB,2016,419808341.0"
"Arab World,ARB,2015,410190679.0"
"Arab World,ARB,2014,400231008.0"
"Arab World,ARB,2013,390954281.0"
"Arab World,ARB,2012,381030177.0"
"Arab World,ARB,2011,372054934.0"
"Arab World,ARB,2010,363568534.0"
"Caribbean small states,CSS,2019,4443134.0"
"Caribbean small states,CSS,2018,4407658.0"
"Caribbean small states,CSS,2017,4366140.0"
"Caribbean small states,CSS,2016,4341333.0"
"Caribbean small states,CSS,2015,4314191.0"
"Caribbean small states,CSS,2014,4286546.0"
"Caribbean small states,CSS,2013,4257682.0"
"Caribbean small states,CSS,2012,4228445.0"
"Caribbean small states,CSS,2011,4201107.0"
"Caribbean small states,CSS,2010,4173335.0"
"Central Europe and the Baltics,CEB,2019,101864274.0"
"Central Europe and the Baltics,CEB,2018,102074201.0"
"Central Europe and the Baltics,CEB,2017,102337501.0"
"Central Europe and the Baltics,CEB,2016,102647939.0"
"Central Europe and the Baltics,CEB,2015,102973167.0"
"Central Europe and the Baltics,CEB,2014,103280478.0"
"Central Europe and the Baltics,CEB,2013,103570062.0"
"Central Europe and the Baltics,CEB,2012,103929494.0"
"Central Europe and the Baltics,CEB,2011,104174038.0"
"Central Europe and the Baltics,CEB,2010,104421447.0"
"Early-demographic dividend,EAR,2019,3355014793.0"
"Early-demographic dividend,EAR,2018,3314245247.0"
"Early-demographic dividend,EAR,2017,3274060446.0"
"Early-demographic dividend,EAR,2016,3233033717.0"
"Early-demographic dividend,EAR,2015,3190318707.0"
"Early-demographic dividend,EAR,2014,3146800078.0"
"Early-demographic dividend,EAR,2013,3103677284.0"
"Early-demographic dividend,EAR,2012,3058869436.0"
"Early-demographic dividend,EAR,2011,3013476947.0"
"Early-demographic dividend,EAR,2010,2967104472.0"
"East Asia & Pacific,EAS,2019,2359762190.0"
"East Asia & Pacific,EAS,2018,2347576325.0"
"East Asia & Pacific,EAS,2017,2333475520.0"
"East Asia & Pacific,EAS,2016,2317076058.0"
"East Asia & Pacific,EAS,2015,2300844269.0"
"East Asia & Pacific,EAS,2014,2284385542.0"
"East Asia & Pacific,EAS,2013,2267072102.0"
"East Asia & Pacific,EAS,2012,2249081393.0"
"East Asia & Pacific,EAS,2011,2230826576.0"
"East Asia & Pacific,EAS,2010,2214613815.0"
"East Asia & Pacific (excluding high income),EAP,2019,2112289891.0"
"East Asia & Pacific (excluding high income),EAP,2018,2100698838.0"
"East Asia & Pacific (excluding high income),EAP,2017,2087238522.0"
"East Asia & Pacific (excluding high income),EAP,2016,2071486140.0"
"East Asia & Pacific (excluding high income),EAP,2015,2056050896.0"
"East Asia & Pacific (excluding high income),EAP,2014,2040383789.0"
"East Asia & Pacific (excluding high income),EAP,2013,2023850158.0"
"East Asia & Pacific (excluding high income),EAP,2012,2006566431.0"
"East Asia & Pacific (excluding high income),EAP,2011,1989106668.0"
"East Asia & Pacific (excluding high income),EAP,2010,1973602166.0"
"East Asia & Pacific (IDA & IBRD countries),TEA,2019,2086281644.0"
"East Asia & Pacific (IDA & IBRD countries),TEA,2018,2074796982.0"
"East Asia & Pacific (IDA & IBRD countries),TEA,2017,2061449949.0"
"East Asia & Pacific (IDA & IBRD countries),TEA,2016,2045816761.0"
"East Asia & Pacific (IDA & IBRD countries),TEA,2015,2030504270.0"
"East Asia & Pacific (IDA & IBRD countries),TEA,2014,2014960984.0"
"East Asia & Pacific (IDA & IBRD countries),TEA,2013,1998548872.0"
"East Asia & Pacific (IDA & IBRD countries),TEA,2012,1981382735.0"
"East Asia & Pacific (IDA & IBRD countries),TEA,2011,1964036970.0"
"East Asia & Pacific (IDA & IBRD countries),TEA,2010,1948643347.0"
"Euro area,EMU,2019,346496601.0"
"Euro area,EMU,2018,345864630.0"
"Euro area,EMU,2017,344810179.0"
"Euro area,EMU,2016,344132977.0"
"Euro area,EMU,2015,343180482.0"
"Euro area,EMU,2014,342228563.0"
"Euro area,EMU,2013,341639530.0"
"Euro area,EMU,2012,341100659.0"
"Euro area,EMU,2011,340367367.0"
"Euro area,EMU,2010,341002804.0"
"Europe & Central Asia,ECS,2019,921932163.0"
"Europe & Central Asia,ECS,2018,918689254.0"
"Europe & Central Asia,ECS,2017,915065824.0"
"Europe & Central Asia,ECS,2016,911579016.0"
"Europe & Central Asia,ECS,2015,907527486.0"
"Europe & Central Asia,ECS,2014,903561071.0"
"Europe & Central Asia,ECS,2013,899907172.0"
"Europe & Central Asia,ECS,2012,896514510.0"
"Europe & Central Asia,ECS,2011,893009595.0"
"Europe & Central Asia,ECS,2010,890990371.0"
"Europe & Central Asia (excluding high income),ECA,2019,248576676.0"
"Europe & Central Asia (excluding high income),ECA,2018,246400484.0"
"Europe & Central Asia (excluding high income),ECA,2017,244308649.0"
"Europe & Central Asia (excluding high income),ECA,2016,242224182.0"
"Europe & Central Asia (excluding high income),ECA,2015,240083379.0"
"Europe & Central Asia (excluding high income),ECA,2014,237999321.0"
"Europe & Central Asia (excluding high income),ECA,2013,235905150.0"
"Europe & Central Asia (excluding high income),ECA,2012,233875199.0"
"Europe & Central Asia (excluding high income),ECA,2011,231988438.0"
"Europe & Central Asia (excluding high income),ECA,2010,230106440.0"
"Europe & Central Asia (IDA & IBRD countries),TEC,2019,461933206.0"
"Europe & Central Asia (IDA & IBRD countries),TEC,2018,459946883.0"
"Europe & Central Asia (IDA & IBRD countries),TEC,2017,458010325.0"
"Europe & Central Asia (IDA & IBRD countries),TEC,2016,455913002.0"
"Europe & Central Asia (IDA & IBRD countries),TEC,2015,453662073.0"
"Europe & Central Asia (IDA & IBRD countries),TEC,2014,451432428.0"
"Europe & Central Asia (IDA & IBRD countries),TEC,2013,449128604.0"
"Europe & Central Asia (IDA & IBRD countries),TEC,2012,446941101.0"
"Europe & Central Asia (IDA & IBRD countries),TEC,2011,444846366.0"
"Europe & Central Asia (IDA & IBRD countries),TEC,2010,442936599.0"
"European Union,EUU,2019,446910453.0"
"European Union,EUU,2018,446329890.0"
"European Union,EUU,2017,445321060.0"
"European Union,EUU,2016,444676652.0"
"European Union,EUU,2015,443793218.0"
"European Union,EUU,2014,442920819.0"
"European Union,EUU,2013,442425741.0"
"European Union,EUU,2012,442069839.0"
"European Union,EUU,2011,441414078.0"
"European Union,EUU,2010,442088310.0"
"Fragile and conflict affected situations,FCS,2019,973035228.0"
"Fragile and conflict affected situations,FCS,2018,951851595.0"
"Fragile and conflict affected situations,FCS,2017,931222867.0"
"Fragile and conflict affected situations,FCS,2016,910836458.0"
"Fragile and conflict affected situations,FCS,2015,890869511.0"
"Fragile and conflict affected situations,FCS,2014,871345375.0"
"Fragile and conflict affected situations,FCS,2013,851404936.0"
"Fragile and conflict affected situations,FCS,2012,831065598.0"
"Fragile and conflict affected situations,FCS,2011,810972272.0"
"Fragile and conflict affected situations,FCS,2010,791371804.0"
"Heavily indebted poor countries (HIPC),HPC,2019,824649053.0"
"Heavily indebted poor countries (HIPC),HPC,2018,802020674.0"
"Heavily indebted poor countries (HIPC),HPC,2017,779389964.0"
"Heavily indebted poor countries (HIPC),HPC,2016,756895035.0"
"Heavily indebted poor countries (HIPC),HPC,2015,735429414.0"
"Heavily indebted poor countries (HIPC),HPC,2014,714769441.0"
"Heavily indebted poor countries (HIPC),HPC,2013,694622934.0"
"Heavily indebted poor countries (HIPC),HPC,2012,675397557.0"
"Heavily indebted poor countries (HIPC),HPC,2011,656783491.0"
"Heavily indebted poor countries (HIPC),HPC,2010,638796398.0"
"High income,,2019,1389770301.0"
"High income,,2018,1385103279.0"
"High income,,2017,1380319892.0"
"High income,,2016,1374284415.0"
"High income,,2015,1366013614.0"
"High income,,2014,1357496263.0"
"High income,,2013,1350149879.0"
"High income,,2012,1342428400.0"
"High income,,2011,1334557663.0"
"High income,,2010,1328657754.0"
"IBRD only,IBD,2019,4845075024.0"
"IBRD only,IBD,2018,4806981820.0"
"IBRD only,IBD,2017,4765773411.0"
"IBRD only,IBD,2016,4721566970.0"
"IBRD only,IBD,2015,4676773551.0"
"IBRD only,IBD,2014,4630607878.0"
"IBRD only,IBD,2013,4581958556.0"
"IBRD only,IBD,2012,4532100585.0"
"IBRD only,IBD,2011,4483152627.0"
"IBRD only,IBD,2010,4436714947.0"
"IDA & IBRD total,IBT,2019,6594216452.0"
"IDA & IBRD total,IBT,2018,6518058354.0"
"IDA & IBRD total,IBT,2017,6440011821.0"
"IDA & IBRD total,IBT,2016,6360153661.0"
"IDA & IBRD total,IBT,2015,6280961830.0"
"IDA & IBRD total,IBT,2014,6201607778.0"
"IDA & IBRD total,IBT,2013,6120456890.0"
"IDA & IBRD total,IBT,2012,6038958543.0"
"IDA & IBRD total,IBT,2011,5956718993.0"
"IDA & IBRD total,IBT,2010,5876645582.0"
"IDA blend,IDB,2019,614017319.0"
"IDA blend,IDB,2018,601951913.0"
"IDA blend,IDB,2017,590024074.0"
"IDA blend,IDB,2016,578463670.0"
"IDA blend,IDB,2015,567234056.0"
"IDA blend,IDB,2014,555868551.0"
"IDA blend,IDB,2013,544442648.0"
"IDA blend,IDB,2012,532980174.0"
"IDA blend,IDB,2011,520984443.0"
"IDA blend,IDB,2010,508422508.0"
"IDA only,IDX,2019,1135124109.0"
"IDA only,IDX,2018,1109124621.0"
"IDA only,IDX,2017,1084214336.0"
"IDA only,IDX,2016,1060123021.0"
"IDA only,IDX,2015,1036954223.0"
"IDA only,IDX,2014,1015131349.0"
"IDA only,IDX,2013,994055686.0"
"IDA only,IDX,2012,973877784.0"
"IDA only,IDX,2011,952581923.0"
"IDA only,IDX,2010,931508127.0"
"IDA total,IDA,2019,1749141428.0"
"IDA total,IDA,2018,1711076534.0"
"IDA total,IDA,2017,1674238410.0"
"IDA total,IDA,2016,1638586691.0"
"IDA total,IDA,2015,1604188279.0"
"IDA total,IDA,2014,1570999900.0"
"IDA total,IDA,2013,1538498334.0"
"IDA total,IDA,2012,1506857958.0"
"IDA total,IDA,2011,1473566366.0"
"IDA total,IDA,2010,1439930635.0"
"Late-demographic dividend,LTE,2019,2308878047.0"
"Late-demographic dividend,LTE,2018,2298394042.0"
"Late-demographic dividend,LTE,2017,2285870134.0"
"Late-demographic dividend,LTE,2016,2270841806.0"
"Late-demographic dividend,LTE,2015,2256126712.0"
"Late-demographic dividend,LTE,2014,2241122152.0"
"Late-demographic dividend,LTE,2013,2225005187.0"
"Late-demographic dividend,LTE,2012,2209319631.0"
"Late-demographic dividend,LTE,2011,2193171336.0"
"Late-demographic dividend,LTE,2010,2179525352.0"
"Latin America & Caribbean,LCN,2019,640962372.0"
"Latin America & Caribbean,LCN,2018,635778081.0"
"Latin America & Caribbean,LCN,2017,630414986.0"
"Latin America & Caribbean,LCN,2016,624737786.0"
"Latin America & Caribbean,LCN,2015,618868462.0"
"Latin America & Caribbean,LCN,2014,612849401.0"
"Latin America & Caribbean,LCN,2013,606683307.0"
"Latin America & Caribbean,LCN,2012,600420316.0"
"Latin America & Caribbean,LCN,2011,594086829.0"
"Latin America & Caribbean,LCN,2010,587752505.0"
"Latin America & Caribbean (excluding high income),LAC,2019,573311679.0"
"Latin America & Caribbean (excluding high income),LAC,2018,567711159.0"
"Latin America & Caribbean (excluding high income),LAC,2017,561957179.0"
"Latin America & Caribbean (excluding high income),LAC,2016,556440282.0"
"Latin America & Caribbean (excluding high income),LAC,2015,551075145.0"
"Latin America & Caribbean (excluding high income),LAC,2014,545661592.0"
"Latin America & Caribbean (excluding high income),LAC,2013,540118712.0"
"Latin America & Caribbean (excluding high income),LAC,2012,534503260.0"
"Latin America & Caribbean (excluding high income),LAC,2011,528822706.0"
"Latin America & Caribbean (excluding high income),LAC,2010,523147480.0"
"Latin America & the Caribbean (IDA & IBRD countries),TLA,2019,625467307.0"
"Latin America & the Caribbean (IDA & IBRD countries),TLA,2018,620274430.0"
"Latin America & the Caribbean (IDA & IBRD countries),TLA,2017,614776664.0"
"Latin America & the Caribbean (IDA & IBRD countries),TLA,2016,609017063.0"
"Latin America & the Caribbean (IDA & IBRD countries),TLA,2015,603091701.0"
"Latin America & the Caribbean (IDA & IBRD countries),TLA,2014,597023419.0"
"Latin America & the Caribbean (IDA & IBRD countries),TLA,2013,590809938.0"
"Latin America & the Caribbean (IDA & IBRD countries),TLA,2012,584524334.0"
"Latin America & the Caribbean (IDA & IBRD countries),TLA,2011,578171855.0"
"Latin America & the Caribbean (IDA & IBRD countries),TLA,2010,571822092.0"
"Least developed countries: UN classification,LDC,2019,1058013514.0"
"Least developed countries: UN classification,LDC,2018,1033110314.0"
"Least developed countries: UN classification,LDC,2017,1008993468.0"
"Least developed countries: UN classification,LDC,2016,985414939.0"
"Least developed countries: UN classification,LDC,2015,962508256.0"
"Least developed countries: UN classification,LDC,2014,940284138.0"
"Least developed countries: UN classification,LDC,2013,918269633.0"
"Least developed countries: UN classification,LDC,2012,896684951.0"
"Least developed countries: UN classification,LDC,2011,875685078.0"
"Least developed countries: UN classification,LDC,2010,855348118.0"
"Low & middle income,LMY,2019,6243562839.0"
"Low & middle income,LMY,2018,6169658713.0"
"Low & middle income,LMY,2017,6093971714.0"
"Low & middle income,LMY,2016,6017111688.0"
"Low & middle income,LMY,2015,5941222744.0"
"Low & middle income,LMY,2014,5865202078.0"
"Low & middle income,LMY,2013,5787391504.0"
"Low & middle income,LMY,2012,5709148191.0"
"Low & middle income,LMY,2011,5630227189.0"
"Low & middle income,LMY,2010,5553257507.0"
"Low income,,2019,544980983.0"
"Low income,,2018,529522043.0"
"Low income,,2017,514890519.0"
"Low income,,2016,501149314.0"
"Low income,,2015,488308267.0"
"Low income,,2014,476470767.0"
"Low income,,2013,465087882.0"
"Low income,,2012,453652889.0"
"Low income,,2011,441658754.0"
"Low income,,2010,429515596.0"
"Lower middle income,,2019,2928617292.0"
"Lower middle income,,2018,2888561818.0"
"Lower middle income,,2017,2847931114.0"
"Lower middle income,,2016,2806590212.0"
"Lower middle income,,2015,2765011526.0"
"Lower middle income,,2014,2723061855.0"
"Lower middle income,,2013,2679816109.0"
"Lower middle income,,2012,2637101332.0"
"Lower middle income,,2011,2593815085.0"
"Lower middle income,,2010,2550264612.0"
"Middle East, North Africa, Afghanistan & Pakistan,MEA,2019,742714463.0"
"Middle East, North Africa, Afghanistan & Pakistan,MEA,2018,730362334.0"
"Middle East, North Africa, Afghanistan & Pakistan,MEA,2017,718887744.0"
"Middle East, North Africa, Afghanistan & Pakistan,MEA,2016,707023525.0"
"Middle East, North Africa, Afghanistan & Pakistan,MEA,2015,694232973.0"
"Middle East, North Africa, Afghanistan & Pakistan,MEA,2014,680716578.0"
"Middle East, North Africa, Afghanistan & Pakistan,MEA,2013,667464006.0"
"Middle East, North Africa, Afghanistan & Pakistan,MEA,2012,653273442.0"
"Middle East, North Africa, Afghanistan & Pakistan,MEA,2011,639053870.0"
"Middle East, North Africa, Afghanistan & Pakistan,MEA,2010,624828664.0"
"Middle East, North Africa, Afghanistan & Pakistan (excluding high income),MNA,2019,680490997.0"
"Middle East, North Africa, Afghanistan & Pakistan (excluding high income),MNA,2018,668447432.0"
"Middle East, North Africa, Afghanistan & Pakistan (excluding high income),MNA,2017,656767614.0"
"Middle East, North Africa, Afghanistan & Pakistan (excluding high income),MNA,2016,645837915.0"
"Middle East, North Africa, Afghanistan & Pakistan (excluding high income),MNA,2015,635352686.0"
"Middle East, North Africa, Afghanistan & Pakistan (excluding high income),MNA,2014,624564062.0"
"Middle East, North Africa, Afghanistan & Pakistan (excluding high income),MNA,2013,613151287.0"
"Middle East, North Africa, Afghanistan & Pakistan (excluding high income),MNA,2012,601566988.0"
"Middle East, North Africa, Afghanistan & Pakistan (excluding high income),MNA,2011,589646039.0"
"Middle East, North Africa, Afghanistan & Pakistan (excluding high income),MNA,2010,577396038.0"
"Middle East, North Africa, Afghanistan & Pakistan (IDA & IBRD),TMN,2019,675805691.0"
"Middle East, North Africa, Afghanistan & Pakistan (IDA & IBRD),TMN,2018,663878345.0"
"Middle East, North Africa, Afghanistan & Pakistan (IDA & IBRD),TMN,2017,652312809.0"
"Middle East, North Africa, Afghanistan & Pakistan (IDA & IBRD),TMN,2016,641470827.0"
"Middle East, North Africa, Afghanistan & Pakistan (IDA & IBRD),TMN,2015,631082594.0"
"Middle East, North Africa, Afghanistan & Pakistan (IDA & IBRD),TMN,2014,620390664.0"
"Middle East, North Africa, Afghanistan & Pakistan (IDA & IBRD),TMN,2013,609074579.0"
"Middle East, North Africa, Afghanistan & Pakistan (IDA & IBRD),TMN,2012,597586990.0"
"Middle East, North Africa, Afghanistan & Pakistan (IDA & IBRD),TMN,2011,585763053.0"
"Middle East, North Africa, Afghanistan & Pakistan (IDA & IBRD),TMN,2010,573609877.0"
"Middle income,MIC,2019,5698581856.0"
"Middle income,MIC,2018,5640136670.0"
"Middle income,MIC,2017,5579081195.0"
"Middle income,MIC,2016,5515962374.0"
"Middle income,MIC,2015,5452914477.0"
"Middle income,MIC,2014,5388731311.0"
"Middle income,MIC,2013,5322303622.0"
"Middle income,MIC,2012,5255495302.0"
"Middle income,MIC,2011,5188568435.0"
"Middle income,MIC,2010,5123741911.0"
"North America,NAC,2019,367908829.0"
"North America,NAC,2018,365666028.0"
"North America,NAC,2017,363217262.0"
"North America,NAC,2016,360527592.0"
"North America,NAC,2015,357583083.0"
"North America,NAC,2014,354755155.0"
"North America,NAC,2013,351870848.0"
"North America,NAC,2012,349116140.0"
"North America,NAC,2011,346242415.0"
"North America,NAC,2010,343447854.0"
"OECD members,OED,2019,1364146219.0"
"OECD members,OED,2018,1356470975.0"
"OECD members,OED,2017,1348127258.0"
"OECD members,OED,2016,1340142055.0"
"OECD members,OED,2015,1331675197.0"
"OECD members,OED,2014,1323459714.0"
"OECD members,OED,2013,1315427979.0"
"OECD members,OED,2012,1307733583.0"
"OECD members,OED,2011,1299644689.0"
"OECD members,OED,2010,1292701737.0"
"Other small states,OSS,2019,12281907.0"
"Other small states,OSS,2018,12135267.0"
"Other small states,OSS,2017,11989367.0"
"Other small states,OSS,2016,11851918.0"
"Other small states,OSS,2015,11722398.0"
"Other small states,OSS,2014,11591200.0"
"Other small states,OSS,2013,11466589.0"
"Other small states,OSS,2012,11346082.0"
"Other small states,OSS,2011,11226214.0"
"Other small states,OSS,2010,11112466.0"
"Pacific island small states,PSS,2019,2568656.0"
"Pacific island small states,PSS,2018,2542009.0"
"Pacific island small states,PSS,2017,2509999.0"
"Pacific island small states,PSS,2016,2477794.0"
"Pacific island small states,PSS,2015,2445989.0"
"Pacific island small states,PSS,2014,2414338.0"
"Pacific island small states,PSS,2013,2382931.0"
"Pacific island small states,PSS,2012,2351924.0"
"Pacific island small states,PSS,2011,2320899.0"
"Pacific island small states,PSS,2010,2289399.0"
"Post-demographic dividend,PST,2019,1114898817.0"
"Post-demographic dividend,PST,2018,1111377470.0"
"Post-demographic dividend,PST,2017,1107161559.0"
"Post-demographic dividend,PST,2016,1102966925.0"
"Post-demographic dividend,PST,2015,1097890139.0"
"Post-demographic dividend,PST,2014,1093025476.0"
"Post-demographic dividend,PST,2013,1088424167.0"
"Post-demographic dividend,PST,2012,1084193277.0"
"Post-demographic dividend,PST,2011,1079468050.0"
"Post-demographic dividend,PST,2010,1076208648.0"
"Pre-demographic dividend,PRE,2019,972302503.0"
"Pre-demographic dividend,PRE,2018,946317177.0"
"Pre-demographic dividend,PRE,2017,920568701.0"
"Pre-demographic dividend,PRE,2016,895239872.0"
"Pre-demographic dividend,PRE,2015,870587800.0"
"Pre-demographic dividend,PRE,2014,846420736.0"
"Pre-demographic dividend,PRE,2013,822138419.0"
"Pre-demographic dividend,PRE,2012,798002725.0"
"Pre-demographic dividend,PRE,2011,774567417.0"
"Pre-demographic dividend,PRE,2010,752046672.0"
"Small states,SST,2019,19293697.0"
"Small states,SST,2018,19084934.0"
"Small states,SST,2017,18865506.0"
"Small states,SST,2016,18671045.0"
"Small states,SST,2015,18482578.0"
"Small states,SST,2014,18292084.0"
"Small states,SST,2013,18107202.0"
"Small states,SST,2012,17926451.0"
"Small states,SST,2011,17748220.0"
"Small states,SST,2010,17575200.0"
"South Asia,SAS,2019,1605412986.0"
"South Asia,SAS,2018,1589164714.0"
"South Asia,SAS,2017,1572520427.0"
"South Asia,SAS,2016,1555111864.0"
"South Asia,SAS,2015,1537370078.0"
"South Asia,SAS,2014,1519839246.0"
"South Asia,SAS,2013,1501661991.0"
"South Asia,SAS,2012,1483553073.0"
"South Asia,SAS,2011,1464372623.0"
"South Asia,SAS,2010,1444967010.0"
"South Asia (IDA & IBRD),TSA,2019,1605412986.0"
"South Asia (IDA & IBRD),TSA,2018,1589164714.0"
"South Asia (IDA & IBRD),TSA,2017,1572520427.0"
"South Asia (IDA & IBRD),TSA,2016,1555111864.0"
"South Asia (IDA & IBRD),TSA,2015,1537370078.0"
"South Asia (IDA & IBRD),TSA,2014,1519839246.0"
"South Asia (IDA & IBRD),TSA,2013,1501661991.0"
"South Asia (IDA & IBRD),TSA,2012,1483553073.0"
"South Asia (IDA & IBRD),TSA,2011,1464372623.0"
"South Asia (IDA & IBRD),TSA,2010,1444967010.0"
"Sub-Saharan Africa,SSF,2019,1139315618.0"
"Sub-Saharan Africa,SSF,2018,1109997000.0"
"Sub-Saharan Africa,SSF,2017,1080941647.0"
"Sub-Saharan Africa,SSF,2016,1052824144.0"
"Sub-Saharan Africa,SSF,2015,1025251114.0"
"Sub-Saharan Africa,SSF,2014,997961037.0"
"Sub-Saharan Africa,SSF,2013,971232906.0"
"Sub-Saharan Africa,SSF,2012,944970310.0"
"Sub-Saharan Africa,SSF,2011,919528126.0"
"Sub-Saharan Africa,SSF,2010,894666657.0"
"Sub-Saharan Africa (excluding high income),SSA,2019,1023480610.0"
"Sub-Saharan Africa (excluding high income),SSA,2018,997236086.0"
"Sub-Saharan Africa (excluding high income),SSA,2017,971179323.0"
"Sub-Saharan Africa (excluding high income),SSA,2016,946011305.0"
"Sub-Saharan Africa (excluding high income),SSA,2015,921290560.0"
"Sub-Saharan Africa (excluding high income),SSA,2014,896754068.0"
"Sub-Saharan Africa (excluding high income),SSA,2013,872704206.0"
"Sub-Saharan Africa (excluding high income),SSA,2012,849083240.0"
"Sub-Saharan Africa (excluding high income),SSA,2011,826290715.0"
"Sub-Saharan Africa (excluding high income),SSA,2010,804038373.0"
"Sub-Saharan Africa (IDA & IBRD countries),TSS,2019,1139315618.0"
"Sub-Saharan Africa (IDA & IBRD countries),TSS,2018,1109997000.0"
"Sub-Saharan Africa (IDA & IBRD countries),TSS,2017,1080941647.0"
"Sub-Saharan Africa (IDA & IBRD countries),TSS,2016,1052824144.0"
"Sub-Saharan Africa (IDA & IBRD countries),TSS,2015,1025251114.0"
"Sub-Saharan Africa (IDA & IBRD countries),TSS,2014,997961037.0"
"Sub-Saharan Africa (IDA & IBRD countries),TSS,2013,971232906.0"
"Sub-Saharan Africa (IDA & IBRD countries),TSS,2012,944970310.0"
"Sub-Saharan Africa (IDA & IBRD countries),TSS,2011,919528126.0"
"Sub-Saharan Africa (IDA & IBRD countries),TSS,2010,894666657.0"
"Upper middle income,,2019,2769964564.0"
"Upper middle income,,2018,2751574852.0"
"Upper middle income,,2017,2731150081.0"
"Upper middle income,,2016,2709372162.0"
"Upper middle income,,2015,2687902951.0"
"Upper middle income,,2014,2665669456.0"
"Upper middle income,,2013,2642487513.0"
"Upper middle income,,2012,2618393970.0"
"Upper middle income,,2011,2594753350.0"
"Upper middle income,,2010,2573477299.0"
"World,WLD,2019,7778008621.0"
"World,WLD,2018,7697233736.0"
"World,WLD,2017,7614523410.0"
"World,WLD,2016,7528879985.0"
"World,WLD,2015,7441677465.0"
"World,WLD,2014,7354068030.0"
"World,WLD,2013,7265892332.0"
"World,WLD,2012,7176929184.0"
"World,WLD,2011,7087120034.0"
"World,WLD,2010,7001266876.0"
"Afghanistan,AFG,2019,37856121.0"
"Afghanistan,AFG,2018,36743039.0"
"Afghanistan,AFG,2017,35688935.0"
"Afghanistan,AFG,2016,34700612.0"
"Afghanistan,AFG,2015,33831764.0"
"Afghanistan,AFG,2014,32792523.0"
"Afghanistan,AFG,2013,31622704.0"
"Afghanistan,AFG,2012,30560034.0"
"Afghanistan,AFG,2011,29347708.0"
"Afghanistan,AFG,2010,28284089.0"
"Albania,ALB,2019,2567801.0"
"Albania,ALB,2018,2607733.0"
"Albania,ALB,2017,2648285.0"
"Albania,ALB,2016,2689469.0"
"Albania,ALB,2015,2731293.0"
"Albania,ALB,2014,2773767.0"
"Albania,ALB,2013,2816902.0"
"Albania,ALB,2012,2860708.0"
"Albania,ALB,2011,2905195.0"
"Albania,ALB,2010,2913021.0"
"Algeria,DZA,2019,43294546.0"
"Algeria,DZA,2018,42505035.0"
"Algeria,DZA,2017,41689299.0"
"Algeria,DZA,2016,40850721.0"
"Algeria,DZA,2015,40019529.0"
"Algeria,DZA,2014,39205031.0"
"Algeria,DZA,2013,38414171.0"
"Algeria,DZA,2012,37646166.0"
"Algeria,DZA,2011,36903376.0"
"Algeria,DZA,2010,36188236.0"
"American Samoa,ASM,2019,50209.0"
"American Samoa,ASM,2018,50908.0"
"American Samoa,ASM,2017,51586.0"
"American Samoa,ASM,2016,52245.0"
"American Samoa,ASM,2015,52878.0"
"American Samoa,ASM,2014,53466.0"
"American Samoa,ASM,2013,54006.0"
"American Samoa,ASM,2012,54489.0"
"American Samoa,ASM,2011,54895.0"
"American Samoa,ASM,2010,55228.0"
"Andorra,AND,2019,76474.0"
"Andorra,AND,2018,75162.0"
"Andorra,AND,2017,73763.0"
"Andorra,AND,2016,72181.0"
"Andorra,AND,2015,72174.0"
"Andorra,AND,2014,73737.0"
"Andorra,AND,2013,75194.0"
"Andorra,AND,2012,76834.0"
"Andorra,AND,2011,77783.0"
"Andorra,AND,2010,80706.0"
"Angola,AGO,2019,32375632.0"
"Angola,AGO,2018,31297155.0"
"Angola,AGO,2017,30234839.0"
"Angola,AGO,2016,29183070.0"
"Angola,AGO,2015,28157798.0"
"Angola,AGO,2014,27160769.0"
"Angola,AGO,2013,26165620.0"
"Angola,AGO,2012,25177394.0"
"Angola,AGO,2011,24218352.0"
"Angola,AGO,2010,23294825.0"
"Antigua and Barbuda,ATG,2019,91364.0"
"Antigua and Barbuda,ATG,2018,90926.0"
"Antigua and Barbuda,ATG,2017,90468.0"
"Antigua and Barbuda,ATG,2016,89969.0"
"Antigua and Barbuda,ATG,2015,89409.0"
"Antigua and Barbuda,ATG,2014,88765.0"
"Antigua and Barbuda,ATG,2013,88064.0"
"Antigua and Barbuda,ATG,2012,87260.0"
"Antigua and Barbuda,ATG,2011,86332.0"
"Antigua and Barbuda,ATG,2010,85320.0"
"Argentina,ARG,2019,44973465.0"
"Argentina,ARG,2018,44654882.0"
"Argentina,ARG,2017,44288894.0"
"Argentina,ARG,2016,43900313.0"
"Argentina,ARG,2015,43477012.0"
"Argentina,ARG,2014,43024071.0"
"Argentina,ARG,2013,42582455.0"
"Argentina,ARG,2012,42161721.0"
"Argentina,ARG,2011,41730660.0"
"Argentina,ARG,2010,41288694.0"
"Armenia,ARM,2019,2962500.0"
"Armenia,ARM,2018,2969000.0"
"Armenia,ARM,2017,2979400.0"
"Armenia,ARM,2016,2992300.0"
"Armenia,ARM,2015,3004600.0"
"Armenia,ARM,2014,3013800.0"
"Armenia,ARM,2013,3022000.0"
"Armenia,ARM,2012,3024100.0"
"Armenia,ARM,2011,3027900.0"
"Armenia,ARM,2010,3044800.0"
"Aruba,ABW,2019,109203.0"
"Aruba,ABW,2018,108908.0"
"Aruba,ABW,2017,108735.0"
"Aruba,ABW,2016,108727.0"
"Aruba,ABW,2015,107906.0"
"Aruba,ABW,2014,106807.0"
"Aruba,ABW,2013,105675.0"
"Aruba,ABW,2012,104110.0"
"Aruba,ABW,2011,102591.0"
"Aruba,ABW,2010,101838.0"
"Australia,AUS,2019,25334826.0"
"Australia,AUS,2018,24963258.0"
"Australia,AUS,2017,24592588.0"
"Australia,AUS,2016,24190907.0"
"Australia,AUS,2015,23815995.0"
"Australia,AUS,2014,23475686.0"
"Australia,AUS,2013,23128129.0"
"Australia,AUS,2012,22733465.0"
"Australia,AUS,2011,22340024.0"
"Australia,AUS,2010,22031750.0"
"Austria,AUT,2019,8879920.0"
"Austria,AUT,2018,8840521.0"
"Austria,AUT,2017,8797566.0"
"Austria,AUT,2016,8736668.0"
"Austria,AUT,2015,8642699.0"
"Austria,AUT,2014,8546356.0"
"Austria,AUT,2013,8479823.0"
"Austria,AUT,2012,8429991.0"
"Austria,AUT,2011,8391643.0"
"Austria,AUT,2010,8363404.0"
"Azerbaijan,AZE,2019,10024283.0"
"Azerbaijan,AZE,2018,9939771.0"
"Azerbaijan,AZE,2017,9854033.0"
"Azerbaijan,AZE,2016,9757812.0"
"Azerbaijan,AZE,2015,9649341.0"
"Azerbaijan,AZE,2014,9535079.0"
"Azerbaijan,AZE,2013,9416801.0"
"Azerbaijan,AZE,2012,9295784.0"
"Azerbaijan,AZE,2011,9173082.0"
"Azerbaijan,AZE,2010,9054332.0"
"Bahamas, The,BHS,2019,394675.0"
"Bahamas, The,BHS,2018,392717.0"
"Bahamas, The,BHS,2017,390485.0"
"Bahamas, The,BHS,2016,388055.0"
"Bahamas, The,BHS,2015,385346.0"
"Bahamas, The,BHS,2014,382298.0"
"Bahamas, The,BHS,2013,378953.0"
"Bahamas, The,BHS,2012,375469.0"
"Bahamas, The,BHS,2011,371729.0"
"Bahamas, The,BHS,2010,367478.0"
"Bahrain,BHR,2019,1483756.0"
"Bahrain,BHR,2018,1503091.0"
"Bahrain,BHR,2017,1501116.0"
"Bahrain,BHR,2016,1423726.0"
"Bahrain,BHR,2015,1370322.0"
"Bahrain,BHR,2014,1314562.0"
"Bahrain,BHR,2013,1253191.0"
"Bahrain,BHR,2012,1208964.0"
"Bahrain,BHR,2011,1195020.0"
"Bahrain,BHR,2010,1228543.0"
"Bangladesh,BGD,2019,164913055.0"
"Bangladesh,BGD,2018,163523103.0"
"Bangladesh,BGD,2017,162186147.0"
"Bangladesh,BGD,2016,160811932.0"
"Bangladesh,BGD,2015,159383179.0"
"Bangladesh,BGD,2014,157964929.0"
"Bangladesh,BGD,2013,156532141.0"
"Bangladesh,BGD,2012,155070101.0"
"Bangladesh,BGD,2011,153591076.0"
"Bangladesh,BGD,2010,152201981.0"
"Barbados,BRB,2019,281207.0"
"Barbados,BRB,2018,280711.0"
"Barbados,BRB,2017,280171.0"
"Barbados,BRB,2016,279598.0"
"Barbados,BRB,2015,278990.0"
"Barbados,BRB,2014,278348.0"
"Barbados,BRB,2013,277665.0"
"Barbados,BRB,2012,276938.0"
"Barbados,BRB,2011,276139.0"
"Barbados,BRB,2010,275243.0"
"Belarus,BLR,2019,9419758.0"
"Belarus,BLR,2018,9438785.0"
"Belarus,BLR,2017,9458989.0"
"Belarus,BLR,2016,9469379.0"
"Belarus,BLR,2015,9461076.0"
"Belarus,BLR,2014,9448515.0"
"Belarus,BLR,2013,9443211.0"
"Belarus,BLR,2012,9446836.0"
"Belarus,BLR,2011,9461643.0"
"Belarus,BLR,2010,9483836.0"
"Belgium,BEL,2019,11488980.0"
"Belgium,BEL,2018,11427054.0"
"Belgium,BEL,2017,11375158.0"
"Belgium,BEL,2016,11331422.0"
"Belgium,BEL,2015,11274196.0"
"Belgium,BEL,2014,11209057.0"
"Belgium,BEL,2013,11159407.0"
"Belgium,BEL,2012,11106932.0"
"Belgium,BEL,2011,11038264.0"
"Belgium,BEL,2010,10895586.0"
"Belize,BLZ,2019,385829.0"
"Belize,BLZ,2018,380226.0"
"Belize,BLZ,2017,373202.0"
"Belize,BLZ,2016,364705.0"
"Belize,BLZ,2015,356333.0"
"Belize,BLZ,2014,348923.0"
"Belize,BLZ,2013,341627.0"
"Belize,BLZ,2012,334414.0"
"Belize,BLZ,2011,327298.0"
"Belize,BLZ,2010,320245.0"
"Benin,BEN,2019,12726755.0"
"Benin,BEN,2018,12383347.0"
"Benin,BEN,2017,12039780.0"
"Benin,BEN,2016,11697842.0"
"Benin,BEN,2015,11360681.0"
"Benin,BEN,2014,11030004.0"
"Benin,BEN,2013,10708834.0"
"Benin,BEN,2012,10397657.0"
"Benin,BEN,2011,10093623.0"
"Benin,BEN,2010,9797484.0"
"Bermuda,BMU,2019,64107.0"
"Bermuda,BMU,2018,63831.0"
"Bermuda,BMU,2017,63578.0"
"Bermuda,BMU,2016,63449.0"
"Bermuda,BMU,2015,63464.0"
"Bermuda,BMU,2014,63529.0"
"Bermuda,BMU,2013,63574.0"
"Bermuda,BMU,2012,63646.0"
"Bermuda,BMU,2011,63733.0"
"Bermuda,BMU,2010,63725.0"
"Bhutan,BTN,2019,764824.0"
"Bhutan,BTN,2018,759759.0"
"Bhutan,BTN,2017,754335.0"
"Bhutan,BTN,2016,747866.0"
"Bhutan,BTN,2015,740618.0"
"Bhutan,BTN,2014,733139.0"
"Bhutan,BTN,2013,725273.0"
"Bhutan,BTN,2012,717279.0"
"Bhutan,BTN,2011,709377.0"
"Bhutan,BTN,2010,701632.0"
"Bolivia,BOL,2019,11671386.0"
"Bolivia,BOL,2018,11508368.0"
"Bolivia,BOL,2017,11344587.0"
"Bolivia,BOL,2016,11180020.0"
"Bolivia,BOL,2015,11014705.0"
"Bolivia,BOL,2014,10848888.0"
"Bolivia,BOL,2013,10682608.0"
"Bolivia,BOL,2012,10515807.0"
"Bolivia,BOL,2011,10348929.0"
"Bolivia,BOL,2010,10182345.0"
"Bosnia and Herzegovina,BIH,2019,3345533.0"
"Bosnia and Herzegovina,BIH,2018,3387000.0"
"Bosnia and Herzegovina,BIH,2017,3428682.0"
"Bosnia and Herzegovina,BIH,2016,3473003.0"
"Bosnia and Herzegovina,BIH,2015,3518541.0"
"Bosnia and Herzegovina,BIH,2014,3564829.0"
"Bosnia and Herzegovina,BIH,2013,3610859.0"
"Bosnia and Herzegovina,BIH,2012,3670113.0"
"Bosnia and Herzegovina,BIH,2011,3741798.0"
"Bosnia and Herzegovina,BIH,2010,3811472.0"
"Botswana,BWA,2019,2332083.0"
"Botswana,BWA,2018,2299141.0"
"Botswana,BWA,2017,2266747.0"
"Botswana,BWA,2016,2234776.0"
"Botswana,BWA,2015,2203273.0"
"Botswana,BWA,2014,2172044.0"
"Botswana,BWA,2013,2140682.0"
"Botswana,BWA,2012,2108617.0"
"Botswana,BWA,2011,2073535.0"
"Botswana,BWA,2010,2033111.0"
"Brazil,BRA,2019,207455459.0"
"Brazil,BRA,2018,206107261.0"
"Brazil,BRA,2017,204703445.0"
"Brazil,BRA,2016,203218114.0"
"Brazil,BRA,2015,201675532.0"
"Brazil,BRA,2014,200085127.0"
"Brazil,BRA,2013,198478299.0"
"Brazil,BRA,2012,196876111.0"
"Brazil,BRA,2011,195284734.0"
"Brazil,BRA,2010,193701929.0"
"British Virgin Islands,VGB,2019,36395.0"
"British Virgin Islands,VGB,2018,34657.0"
"British Virgin Islands,VGB,2017,32699.0"
"British Virgin Islands,VGB,2016,33878.0"
"British Virgin Islands,VGB,2015,34498.0"
"British Virgin Islands,VGB,2014,32962.0"
"British Virgin Islands,VGB,2013,31703.0"
"British Virgin Islands,VGB,2012,30345.0"
"British Virgin Islands,VGB,2011,28710.0"
"British Virgin Islands,VGB,2010,27675.0"
"Brunei Darussalam,BRN,2019,442680.0"
"Brunei Darussalam,BRN,2018,437810.0"
"Brunei Darussalam,BRN,2017,432772.0"
"Brunei Darussalam,BRN,2016,427564.0"
"Brunei Darussalam,BRN,2015,422212.0"
"Brunei Darussalam,BRN,2014,416750.0"
"Brunei Darussalam,BRN,2013,411202.0"
"Brunei Darussalam,BRN,2012,405557.0"
"Brunei Darussalam,BRN,2011,399389.0"
"Brunei Darussalam,BRN,2010,392332.0"
"Bulgaria,BGR,2019,6616726.0"
"Bulgaria,BGR,2018,6710798.0"
"Bulgaria,BGR,2017,6803468.0"
"Bulgaria,BGR,2016,6894139.0"
"Bulgaria,BGR,2015,6984225.0"
"Bulgaria,BGR,2014,7073572.0"
"Bulgaria,BGR,2013,7160005.0"
"Bulgaria,BGR,2012,7305888.0"
"Bulgaria,BGR,2011,7348328.0"
"Bulgaria,BGR,2010,7395599.0"
"Burkina Faso,BFA,2019,20961952.0"
"Burkina Faso,BFA,2018,20438288.0"
"Burkina Faso,BFA,2017,19894407.0"
"Burkina Faso,BFA,2016,19334856.0"
"Burkina Faso,BFA,2015,18777487.0"
"Burkina Faso,BFA,2014,18229461.0"
"Burkina Faso,BFA,2013,17695409.0"
"Burkina Faso,BFA,2012,17172287.0"
"Burkina Faso,BFA,2011,16661908.0"
"Burkina Faso,BFA,2010,16176498.0"
"Burundi,BDI,2019,12255336.0"
"Burundi,BDI,2018,11859446.0"
"Burundi,BDI,2017,11506762.0"
"Burundi,BDI,2016,11239451.0"
"Burundi,BDI,2015,11047580.0"
"Burundi,BDI,2014,10799785.0"
"Burundi,BDI,2013,10439341.0"
"Burundi,BDI,2012,10071028.0"
"Burundi,BDI,2011,9717978.0"
"Burundi,BDI,2010,9376444.0"
"Cabo Verde,CPV,2019,514104.0"
"Cabo Verde,CPV,2018,513415.0"
"Cabo Verde,CPV,2017,512893.0"
"Cabo Verde,CPV,2016,512554.0"
"Cabo Verde,CPV,2015,512394.0"
"Cabo Verde,CPV,2014,512326.0"
"Cabo Verde,CPV,2013,512225.0"
"Cabo Verde,CPV,2012,511955.0"
"Cabo Verde,CPV,2011,511447.0"
"Cabo Verde,CPV,2010,509784.0"
"Cambodia,KHM,2019,16481304.0"
"Cambodia,KHM,2018,16274522.0"
"Cambodia,KHM,2017,16073372.0"
"Cambodia,KHM,2016,15852803.0"
"Cambodia,KHM,2015,15623251.0"
"Cambodia,KHM,2014,15396772.0"
"Cambodia,KHM,2013,15170208.0"
"Cambodia,KHM,2012,14945085.0"
"Cambodia,KHM,2011,14722584.0"
"Cambodia,KHM,2010,14500726.0"
"Cameroon,CMR,2019,25506095.0"
"Cameroon,CMR,2018,24806383.0"
"Cameroon,CMR,2017,24128601.0"
"Cameroon,CMR,2016,23454161.0"
"Cameroon,CMR,2015,22763414.0"
"Cameroon,CMR,2014,22059893.0"
"Cameroon,CMR,2013,21402376.0"
"Cameroon,CMR,2012,20809529.0"
"Cameroon,CMR,2011,20232304.0"
"Cameroon,CMR,2010,19668066.0"
"Canada,CAN,2019,37618495.0"
"Canada,CAN,2018,37072620.0"
"Canada,CAN,2017,36545075.0"
"Canada,CAN,2016,36110803.0"
"Canada,CAN,2015,35704498.0"
"Canada,CAN,2014,35434066.0"
"Canada,CAN,2013,35080992.0"
"Canada,CAN,2012,34713395.0"
"Canada,CAN,2011,34339221.0"
"Canada,CAN,2010,34005902.0"
"Cayman Islands,CYM,2019,67327.0"
"Cayman Islands,CYM,2018,65941.0"
"Cayman Islands,CYM,2017,64535.0"
"Cayman Islands,CYM,2016,63100.0"
"Cayman Islands,CYM,2015,61642.0"
"Cayman Islands,CYM,2014,60160.0"
"Cayman Islands,CYM,2013,58655.0"
"Cayman Islands,CYM,2012,57136.0"
"Cayman Islands,CYM,2011,55606.0"
"Cayman Islands,CYM,2010,54099.0"
"Central African Republic,CAF,2019,4944703.0"
"Central African Republic,CAF,2018,4878657.0"
"Central African Republic,CAF,2017,4793511.0"
"Central African Republic,CAF,2016,4713663.0"
"Central African Republic,CAF,2015,4629320.0"
"Central African Republic,CAF,2014,4623182.0"
"Central African Republic,CAF,2013,4642419.0"
"Central African Republic,CAF,2012,4610848.0"
"Central African Republic,CAF,2011,4565021.0"
"Central African Republic,CAF,2010,4492995.0"
"Chad,TCD,2019,16685223.0"
"Chad,TCD,2018,16156531.0"
"Chad,TCD,2017,15622759.0"
"Chad,TCD,2016,15114655.0"
"Chad,TCD,2015,14647621.0"
"Chad,TCD,2014,14188678.0"
"Chad,TCD,2013,13691079.0"
"Chad,TCD,2012,13210998.0"
"Chad,TCD,2011,12754997.0"
"Chad,TCD,2010,12312575.0"
"Channel Islands,CHI,2019,165639.0"
"Channel Islands,CHI,2018,164949.0"
"Channel Islands,CHI,2017,164319.0"
"Channel Islands,CHI,2016,163883.0"
"Channel Islands,CHI,2015,163454.0"
"Channel Islands,CHI,2014,162726.0"
"Channel Islands,CHI,2013,161777.0"
"Channel Islands,CHI,2012,160767.0"
"Channel Islands,CHI,2011,159706.0"
"Channel Islands,CHI,2010,158621.0"
"Chile,CHL,2019,19197744.0"
"Chile,CHL,2018,18893191.0"
"Chile,CHL,2017,18558868.0"
"Chile,CHL,2016,18267221.0"
"Chile,CHL,2015,18047625.0"
"Chile,CHL,2014,17864195.0"
"Chile,CHL,2013,17687006.0"
"Chile,CHL,2012,17519119.0"
"Chile,CHL,2011,17351816.0"
"Chile,CHL,2010,17181464.0"
"China,CHN,2019,1407745000.0"
"China,CHN,2018,1402760000.0"
"China,CHN,2017,1396215000.0"
"China,CHN,2016,1387790000.0"
"China,CHN,2015,1379860000.0"
"China,CHN,2014,1371860000.0"
"China,CHN,2013,1363240000.0"
"China,CHN,2012,1354190000.0"
"China,CHN,2011,1345035000.0"
"China,CHN,2010,1337705000.0"
"Colombia,COL,2019,49907985.0"
"Colombia,COL,2018,49024465.0"
"Colombia,COL,2017,48131078.0"
"Colombia,COL,2016,47437512.0"
"Colombia,COL,2015,46969940.0"
"Colombia,COL,2014,46565429.0"
"Colombia,COL,2013,46151584.0"
"Colombia,COL,2012,45715810.0"
"Colombia,COL,2011,45259614.0"
"Colombia,COL,2010,44777319.0"
"Comoros,COM,2019,786578.0"
"Comoros,COM,2018,771590.0"
"Comoros,COM,2017,756669.0"
"Comoros,COM,2016,741741.0"
"Comoros,COM,2015,726682.0"
"Comoros,COM,2014,711503.0"
"Comoros,COM,2013,696192.0"
"Comoros,COM,2012,681630.0"
"Comoros,COM,2011,668056.0"
"Comoros,COM,2010,654836.0"
"Congo, Dem. Rep.,COD,2019,92947442.0"
"Congo, Dem. Rep.,COD,2018,90047644.0"
"Congo, Dem. Rep.,COD,2017,87083398.0"
"Congo, Dem. Rep.,COD,2016,83956415.0"
"Congo, Dem. Rep.,COD,2015,81035531.0"
"Congo, Dem. Rep.,COD,2014,78403242.0"
"Congo, Dem. Rep.,COD,2013,75789395.0"
"Congo, Dem. Rep.,COD,2012,73254618.0"
"Congo, Dem. Rep.,COD,2011,70849311.0"
"Congo, Dem. Rep.,COD,2010,68563038.0"
"Congo, Rep.,COG,2019,5616661.0"
"Congo, Rep.,COG,2018,5483118.0"
"Congo, Rep.,COG,2017,5351011.0"
"Congo, Rep.,COG,2016,5222536.0"
"Congo, Rep.,COG,2015,5097581.0"
"Congo, Rep.,COG,2014,4975880.0"
"Congo, Rep.,COG,2013,4857099.0"
"Congo, Rep.,COG,2012,4740450.0"
"Congo, Rep.,COG,2011,4609724.0"
"Congo, Rep.,COG,2010,4462290.0"
"Costa Rica,CRI,2019,4999553.0"
"Costa Rica,CRI,2018,4957818.0"
"Costa Rica,CRI,2017,4913177.0"
"Costa Rica,CRI,2016,4866998.0"
"Costa Rica,CRI,2015,4818038.0"
"Costa Rica,CRI,2014,4767119.0"
"Costa Rica,CRI,2013,4716147.0"
"Costa Rica,CRI,2012,4663934.0"
"Costa Rica,CRI,2011,4609833.0"
"Costa Rica,CRI,2010,4555962.0"
"Cote d'Ivoire,CIV,2019,28193009.0"
"Cote d'Ivoire,CIV,2018,27464173.0"
"Cote d'Ivoire,CIV,2017,26733372.0"
"Cote d'Ivoire,CIV,2016,25989405.0"
"Cote d'Ivoire,CIV,2015,25246342.0"
"Cote d'Ivoire,CIV,2014,24527395.0"
"Cote d'Ivoire,CIV,2013,23939775.0"
"Cote d'Ivoire,CIV,2012,23467078.0"
"Cote d'Ivoire,CIV,2011,22982000.0"
"Cote d'Ivoire,CIV,2010,22488065.0"
"Croatia,HRV,2019,3949390.0"
"Croatia,HRV,2018,3988775.0"
"Croatia,HRV,2017,4041407.0"
"Croatia,HRV,2016,4106867.0"
"Croatia,HRV,2015,4151725.0"
"Croatia,HRV,2014,4201598.0"
"Croatia,HRV,2013,4233922.0"
"Croatia,HRV,2012,4260368.0"
"Croatia,HRV,2011,4280622.0"
"Croatia,HRV,2010,4295427.0"
"Cuba,CUB,2019,11202846.0"
"Cuba,CUB,2018,11227118.0"
"Cuba,CUB,2017,11247829.0"
"Cuba,CUB,2016,11265612.0"
"Cuba,CUB,2015,11275065.0"
"Cuba,CUB,2014,11285775.0"
"Cuba,CUB,2013,11298167.0"
"Cuba,CUB,2012,11303175.0"
"Cuba,CUB,2011,11301571.0"
"Cuba,CUB,2010,11297409.0"
"Curacao,CUW,2019,157441.0"
"Curacao,CUW,2018,159336.0"
"Curacao,CUW,2017,160175.0"
"Curacao,CUW,2016,159664.0"
"Curacao,CUW,2015,157980.0"
"Curacao,CUW,2014,155909.0"
"Curacao,CUW,2013,153822.0"
"Curacao,CUW,2012,152088.0"
"Curacao,CUW,2011,150831.0"
"Curacao,CUW,2010,148703.0"
"Cyprus,CYP,2019,1286671.0"
"Cyprus,CYP,2018,1270737.0"
"Cyprus,CYP,2017,1254275.0"
"Cyprus,CYP,2016,1237112.0"
"Cyprus,CYP,2015,1219502.0"
"Cyprus,CYP,2014,1201801.0"
"Cyprus,CYP,2013,1183895.0"
"Cyprus,CYP,2012,1165397.0"
"Cyprus,CYP,2011,1146493.0"
"Cyprus,CYP,2010,1127816.0"
"Czechia,CZE,2019,10671870.0"
"Czechia,CZE,2018,10629928.0"
"Czechia,CZE,2017,10594438.0"
"Czechia,CZE,2016,10566332.0"
"Czechia,CZE,2015,10546059.0"
"Czechia,CZE,2014,10525347.0"
"Czechia,CZE,2013,10514272.0"
"Czechia,CZE,2012,10510785.0"
"Czechia,CZE,2011,10496088.0"
"Czechia,CZE,2010,10474410.0"
"Denmark,DNK,2019,5814422.0"
"Denmark,DNK,2018,5793636.0"
"Denmark,DNK,2017,5764980.0"
"Denmark,DNK,2016,5728010.0"
"Denmark,DNK,2015,5683483.0"
"Denmark,DNK,2014,5643475.0"
"Denmark,DNK,2013,5614932.0"
"Denmark,DNK,2012,5591572.0"
"Denmark,DNK,2011,5570572.0"
"Denmark,DNK,2010,5547683.0"
"Djibouti,DJI,2019,1088709.0"
"Djibouti,DJI,2018,1071882.0"
"Djibouti,DJI,2017,1054841.0"
"Djibouti,DJI,2016,1037653.0"
"Djibouti,DJI,2015,1020313.0"
"Djibouti,DJI,2014,1002717.0"
"Djibouti,DJI,2013,984824.0"
"Djibouti,DJI,2012,966747.0"
"Djibouti,DJI,2011,948558.0"
"Djibouti,DJI,2010,930251.0"
"Dominica,DMA,2019,67880.0"
"Dominica,DMA,2018,68174.0"
"Dominica,DMA,2017,68496.0"
"Dominica,DMA,2016,69606.0"
"Dominica,DMA,2015,70410.0"
"Dominica,DMA,2014,70373.0"
"Dominica,DMA,2013,69715.0"
"Dominica,DMA,2012,69118.0"
"Dominica,DMA,2011,69053.0"
"Dominica,DMA,2010,68859.0"
"Dominican Republic,DOM,2019,10894043.0"
"Dominican Republic,DOM,2018,10782053.0"
"Dominican Republic,DOM,2017,10666843.0"
"Dominican Republic,DOM,2016,10551430.0"
"Dominican Republic,DOM,2015,10434829.0"
"Dominican Republic,DOM,2014,10315528.0"
"Dominican Republic,DOM,2013,10193833.0"
"Dominican Republic,DOM,2012,10070411.0"
"Dominican Republic,DOM,2011,9945621.0"
"Dominican Republic,DOM,2010,9820175.0"
"Ecuador,ECU,2019,17340021.0"
"Ecuador,ECU,2018,17049547.0"
"Ecuador,ECU,2017,16759519.0"
"Ecuador,ECU,2016,16505139.0"
"Ecuador,ECU,2015,16266225.0"
"Ecuador,ECU,2014,16035124.0"
"Ecuador,ECU,2013,15807128.0"
"Ecuador,ECU,2012,15572194.0"
"Ecuador,ECU,2011,15326227.0"
"Ecuador,ECU,2010,15076695.0"
"Egypt, Arab Rep.,EGY,2019,107553158.0"
"Egypt, Arab Rep.,EGY,2018,105682094.0"
"Egypt, Arab Rep.,EGY,2017,103696057.0"
"Egypt, Arab Rep.,EGY,2016,101644589.0"
"Egypt, Arab Rep.,EGY,2015,99597342.0"
"Egypt, Arab Rep.,EGY,2014,97528654.0"
"Egypt, Arab Rep.,EGY,2013,95333553.0"
"Egypt, Arab Rep.,EGY,2012,93161001.0"
"Egypt, Arab Rep.,EGY,2011,91093059.0"
"Egypt, Arab Rep.,EGY,2010,89196072.0"
"El Salvador,SLV,2019,6222318.0"
"El Salvador,SLV,2018,6219807.0"
"El Salvador,SLV,2017,6213533.0"
"El Salvador,SLV,2016,6200800.0"
"El Salvador,SLV,2015,6183676.0"
"El Salvador,SLV,2014,6162955.0"
"El Salvador,SLV,2013,6138839.0"
"El Salvador,SLV,2012,6113975.0"
"El Salvador,SLV,2011,6090127.0"
"El Salvador,SLV,2010,6068249.0"
"Equatorial Guinea,GNQ,2019,1670177.0"
"Equatorial Guinea,GNQ,2018,1616422.0"
"Equatorial Guinea,GNQ,2017,1562396.0"
"Equatorial Guinea,GNQ,2016,1508186.0"
"Equatorial Guinea,GNQ,2015,1453923.0"
"Equatorial Guinea,GNQ,2014,1399828.0"
"Equatorial Guinea,GNQ,2013,1346218.0"
"Equatorial Guinea,GNQ,2012,1293483.0"
"Equatorial Guinea,GNQ,2011,1241835.0"
"Equatorial Guinea,GNQ,2010,1189085.0"
"Eritrea,ERI,2019,3240194.0"
"Eritrea,ERI,2018,3192760.0"
"Eritrea,ERI,2017,3150347.0"
"Eritrea,ERI,2016,3124698.0"
"Eritrea,ERI,2015,3105546.0"
"Eritrea,ERI,2014,3095173.0"
"Eritrea,ERI,2013,3074360.0"
"Eritrea,ERI,2012,3036988.0"
"Eritrea,ERI,2011,2998485.0"
"Eritrea,ERI,2010,2945186.0"
"Estonia,EST,2019,1326898.0"
"Estonia,EST,2018,1321977.0"
"Estonia,EST,2017,1317384.0"
"Estonia,EST,2016,1315790.0"
"Estonia,EST,2015,1315407.0"
"Estonia,EST,2014,1314545.0"
"Estonia,EST,2013,1317997.0"
"Estonia,EST,2012,1322696.0"
"Estonia,EST,2011,1327439.0"
"Estonia,EST,2010,1331475.0"
"Eswatini,SWZ,2019,1179874.0"
"Eswatini,SWZ,2018,1168929.0"
"Eswatini,SWZ,2017,1158195.0"
"Eswatini,SWZ,2016,1149507.0"
"Eswatini,SWZ,2015,1142813.0"
"Eswatini,SWZ,2014,1136299.0"
"Eswatini,SWZ,2013,1129990.0"
"Eswatini,SWZ,2012,1123863.0"
"Eswatini,SWZ,2011,1117833.0"
"Eswatini,SWZ,2010,1111650.0"
"Ethiopia,ETH,2019,115737383.0"
"Ethiopia,ETH,2018,112664152.0"
"Ethiopia,ETH,2017,109666481.0"
"Ethiopia,ETH,2016,106718162.0"
"Ethiopia,ETH,2015,103867135.0"
"Ethiopia,ETH,2014,101115610.0"
"Ethiopia,ETH,2013,98438751.0"
"Ethiopia,ETH,2012,95798767.0"
"Ethiopia,ETH,2011,93149970.0"
"Ethiopia,ETH,2010,90538514.0"
"Faroe Islands,FRO,2019,51792.0"
"Faroe Islands,FRO,2018,50996.0"
"Faroe Islands,FRO,2017,50180.0"
"Faroe Islands,FRO,2016,49464.0"
"Faroe Islands,FRO,2015,48899.0"
"Faroe Islands,FRO,2014,48428.0"
"Faroe Islands,FRO,2013,48246.0"
"Faroe Islands,FRO,2012,48291.0"
"Faroe Islands,FRO,2011,48543.0"
"Faroe Islands,FRO,2010,48657.0"
"Fiji,FJI,2019,914899.0"
"Fiji,FJI,2018,917180.0"
"Fiji,FJI,2017,918759.0"
"Fiji,FJI,2016,919166.0"
"Fiji,FJI,2015,918578.0"
"Fiji,FJI,2014,917585.0"
"Fiji,FJI,2013,916352.0"
"Fiji,FJI,2012,914918.0"
"Fiji,FJI,2011,912989.0"
"Fiji,FJI,2010,910419.0"
"Finland,FIN,2019,5521606.0"
"Finland,FIN,2018,5515525.0"
"Finland,FIN,2017,5508214.0"
"Finland,FIN,2016,5495303.0"
"Finland,FIN,2015,5479531.0"
"Finland,FIN,2014,5461512.0"
"Finland,FIN,2013,5438972.0"
"Finland,FIN,2012,5413971.0"
"Finland,FIN,2011,5388272.0"
"Finland,FIN,2010,5363352.0"
"France,FRA,2019,67382061.0"
"France,FRA,2018,67158348.0"
"France,FRA,2017,66918020.0"
"France,FRA,2016,66724104.0"
"France,FRA,2015,66548272.0"
"France,FRA,2014,66312067.0"
"France,FRA,2013,65997932.0"
"France,FRA,2012,65657659.0"
"France,FRA,2011,65340830.0"
"France,FRA,2010,65026211.0"
"French Polynesia,PYF,2019,279034.0"
"French Polynesia,PYF,2018,279815.0"
"French Polynesia,PYF,2017,280087.0"
"French Polynesia,PYF,2016,279178.0"
"French Polynesia,PYF,2015,277866.0"
"French Polynesia,PYF,2014,276387.0"
"French Polynesia,PYF,2013,274728.0"
"French Polynesia,PYF,2012,273084.0"
"French Polynesia,PYF,2011,271727.0"
"French Polynesia,PYF,2010,270580.0"
"Gabon,GAB,2019,2267706.0"
"Gabon,GAB,2018,2212318.0"
"Gabon,GAB,2017,2156900.0"
"Gabon,GAB,2016,2100306.0"
"Gabon,GAB,2015,2040989.0"
"Gabon,GAB,2014,1978399.0"
"Gabon,GAB,2013,1913059.0"
"Gabon,GAB,2012,1846889.0"
"Gabon,GAB,2011,1781985.0"
"Gabon,GAB,2010,1719879.0"
"Gambia, The,GMB,2019,2456844.0"
"Gambia, The,GMB,2018,2399632.0"
"Gambia, The,GMB,2017,2342189.0"
"Gambia, The,GMB,2016,2283769.0"
"Gambia, The,GMB,2015,2224529.0"
"Gambia, The,GMB,2014,2164528.0"
"Gambia, The,GMB,2013,2103820.0"
"Gambia, The,GMB,2012,2043094.0"
"Gambia, The,GMB,2011,1983784.0"
"Gambia, The,GMB,2010,1926630.0"
"Georgia,GEO,2019,3720161.0"
"Georgia,GEO,2018,3726549.0"
"Georgia,GEO,2017,3728004.0"
"Georgia,GEO,2016,3727505.0"
"Georgia,GEO,2015,3725276.0"
"Georgia,GEO,2014,3719414.0"
"Georgia,GEO,2013,3717668.0"
"Georgia,GEO,2012,3728874.0"
"Georgia,GEO,2011,3756441.0"
"Georgia,GEO,2010,3786695.0"
"Germany,DEU,2019,83092962.0"
"Germany,DEU,2018,82905782.0"
"Germany,DEU,2017,82657002.0"
"Germany,DEU,2016,82348669.0"
"Germany,DEU,2015,81686611.0"
"Germany,DEU,2014,80982500.0"
"Germany,DEU,2013,80645605.0"
"Germany,DEU,2012,80425823.0"
"Germany,DEU,2011,80274983.0"
"Germany,DEU,2010,81776930.0"
"Ghana,GHA,2019,31258945.0"
"Ghana,GHA,2018,30637585.0"
"Ghana,GHA,2017,30008354.0"
"Ghana,GHA,2016,29356742.0"
"Ghana,GHA,2015,28696068.0"
"Ghana,GHA,2014,28041592.0"
"Ghana,GHA,2013,27386193.0"
"Ghana,GHA,2012,26734268.0"
"Ghana,GHA,2011,26095088.0"
"Ghana,GHA,2010,25474995.0"
"Gibraltar,GIB,2019,35494.0"
"Gibraltar,GIB,2018,34854.0"
"Gibraltar,GIB,2017,34245.0"
"Gibraltar,GIB,2016,33658.0"
"Gibraltar,GIB,2015,33193.0"
"Gibraltar,GIB,2014,32813.0"
"Gibraltar,GIB,2013,32407.0"
"Gibraltar,GIB,2012,32029.0"
"Gibraltar,GIB,2011,31660.0"
"Gibraltar,GIB,2010,31248.0"
"Greece,GRC,2019,10721582.0"
"Greece,GRC,2018,10732882.0"
"Greece,GRC,2017,10754679.0"
"Greece,GRC,2016,10775971.0"
"Greece,GRC,2015,10820883.0"
"Greece,GRC,2014,10892413.0"
"Greece,GRC,2013,10965211.0"
"Greece,GRC,2012,11045011.0"
"Greece,GRC,2011,11104899.0"
"Greece,GRC,2010,11121341.0"
"Greenland,GRL,2019,56225.0"
"Greenland,GRL,2018,56023.0"
"Greenland,GRL,2017,56172.0"
"Greenland,GRL,2016,56186.0"
"Greenland,GRL,2015,56114.0"
"Greenland,GRL,2014,56295.0"
"Greenland,GRL,2013,56483.0"
"Greenland,GRL,2012,56810.0"
"Greenland,GRL,2011,56890.0"
"Greenland,GRL,2010,56534.0"
"Grenada,GRD,2019,115981.0"
"Grenada,GRD,2018,115691.0"
"Grenada,GRD,2017,115438.0"
"Grenada,GRD,2016,115130.0"
"Grenada,GRD,2015,114676.0"
"Grenada,GRD,2014,114132.0"
"Grenada,GRD,2013,113487.0"
"Grenada,GRD,2012,112775.0"
"Grenada,GRD,2011,112079.0"
"Grenada,GRD,2010,111586.0"
"Guam,GUM,2019,161808.0"
"Guam,GUM,2018,162679.0"
"Guam,GUM,2017,163490.0"
"Guam,GUM,2016,164233.0"
"Guam,GUM,2015,164905.0"
"Guam,GUM,2014,165486.0"
"Guam,GUM,2013,165966.0"
"Guam,GUM,2012,166331.0"
"Guam,GUM,2011,166543.0"
"Guam,GUM,2010,166522.0"
"Guatemala,GTM,2019,17103803.0"
"Guatemala,GTM,2018,16845685.0"
"Guatemala,GTM,2017,16567357.0"
"Guatemala,GTM,2016,16268760.0"
"Guatemala,GTM,2015,15971743.0"
"Guatemala,GTM,2014,15681725.0"
"Guatemala,GTM,2013,15387337.0"
"Guatemala,GTM,2012,15089647.0"
"Guatemala,GTM,2011,14792126.0"
"Guatemala,GTM,2010,14500112.0"
"Guinea,GIN,2019,13034346.0"
"Guinea,GIN,2018,12704774.0"
"Guinea,GIN,2017,12385659.0"
"Guinea,GIN,2016,12073030.0"
"Guinea,GIN,2015,11767070.0"
"Guinea,GIN,2014,11472924.0"
"Guinea,GIN,2013,11191873.0"
"Guinea,GIN,2012,10921581.0"
"Guinea,GIN,2011,10656810.0"
"Guinea,GIN,2010,10396086.0"
"Guinea-Bissau,GNB,2019,1967696.0"
"Guinea-Bissau,GNB,2018,1922168.0"
"Guinea-Bissau,GNB,2017,1877072.0"
"Guinea-Bissau,GNB,2016,1831893.0"
"Guinea-Bissau,GNB,2015,1786457.0"
"Guinea-Bissau,GNB,2014,1741122.0"
"Guinea-Bissau,GNB,2013,1695973.0"
"Guinea-Bissau,GNB,2012,1651417.0"
"Guinea-Bissau,GNB,2011,1608076.0"
"Guinea-Bissau,GNB,2010,1566347.0"
"Guyana,GUY,2019,807665.0"
"Guyana,GUY,2018,791556.0"
"Guyana,GUY,2017,768479.0"
"Guyana,GUY,2016,763548.0"
"Guyana,GUY,2015,758781.0"
"Guyana,GUY,2014,754229.0"
"Guyana,GUY,2013,750021.0"
"Guyana,GUY,2012,746288.0"
"Guyana,GUY,2011,746153.0"
"Guyana,GUY,2010,749256.0"
"Haiti,HTI,2019,11105163.0"
"Haiti,HTI,2018,10962362.0"
"Haiti,HTI,2017,10817754.0"
"Haiti,HTI,2016,10671457.0"
"Haiti,HTI,2015,10523242.0"
"Haiti,HTI,2014,10373235.0"
"Haiti,HTI,2013,10222362.0"
"Haiti,HTI,2012,10069771.0"
"Haiti,HTI,2011,9914904.0"
"Haiti,HTI,2010,9803294.0"
"Honduras,HND,2019,9943633.0"
"Honduras,HND,2018,9765210.0"
"Honduras,HND,2017,9588137.0"
"Honduras,HND,2016,9412380.0"
"Honduras,HND,2015,9237305.0"
"Honduras,HND,2014,9063122.0"
"Honduras,HND,2013,8889278.0"
"Honduras,HND,2012,8715076.0"
"Honduras,HND,2011,8540583.0"
"Honduras,HND,2010,8365878.0"
"Hong Kong SAR, China,HKG,2019,7507900.0"
"Hong Kong SAR, China,HKG,2018,7452600.0"
"Hong Kong SAR, China,HKG,2017,7393200.0"
"Hong Kong SAR, China,HKG,2016,7336600.0"
"Hong Kong SAR, China,HKG,2015,7291300.0"
"Hong Kong SAR, China,HKG,2014,7229500.0"
"Hong Kong SAR, China,HKG,2013,7178900.0"
"Hong Kong SAR, China,HKG,2012,7150100.0"
"Hong Kong SAR, China,HKG,2011,7071600.0"
"Hong Kong SAR, China,HKG,2010,7024200.0"
"Hungary,HUN,2019,9694824.0"
"Hungary,HUN,2018,9706964.0"
"Hungary,HUN,2017,9726756.0"
"Hungary,HUN,2016,9759755.0"
"Hungary,HUN,2015,9797755.0"
"Hungary,HUN,2014,9833038.0"
"Hungary,HUN,2013,9872734.0"
"Hungary,HUN,2012,9920362.0"
"Hungary,HUN,2011,9971727.0"
"Hungary,HUN,2010,10000023.0"
"Iceland,ISL,2019,360563.0"
"Iceland,ISL,2018,352721.0"
"Iceland,ISL,2017,343400.0"
"Iceland,ISL,2016,335439.0"
"Iceland,ISL,2015,330815.0"
"Iceland,ISL,2014,327386.0"
"Iceland,ISL,2013,323764.0"
"Iceland,ISL,2012,320716.0"
"Iceland,ISL,2011,319014.0"
"Iceland,ISL,2010,318041.0"
"India,IND,2019,1389030312.0"
"India,IND,2018,1374659064.0"
"India,IND,2017,1359657400.0"
"India,IND,2016,1343944296.0"
"India,IND,2015,1328024498.0"
"India,IND,2014,1312277191.0"
"India,IND,2013,1295829511.0"
"India,IND,2012,1278674502.0"
"India,IND,2011,1261224954.0"
"India,IND,2010,1243481564.0"
"Indonesia,IDN,2019,272489381.0"
"Indonesia,IDN,2018,269951846.0"
"Indonesia,IDN,2017,267346658.0"
"Indonesia,IDN,2016,264627418.0"
"Indonesia,IDN,2015,261799249.0"
"Indonesia,IDN,2014,258877399.0"
"Indonesia,IDN,2013,255852467.0"
"Indonesia,IDN,2012,252698525.0"
"Indonesia,IDN,2011,249470032.0"
"Indonesia,IDN,2010,246305322.0"
"Iran, Islamic Rep.,IRN,2019,87051648.0"
"Iran, Islamic Rep.,IRN,2018,86117998.0"
"Iran, Islamic Rep.,IRN,2017,85026754.0"
"Iran, Islamic Rep.,IRN,2016,83812228.0"
"Iran, Islamic Rep.,IRN,2015,82619362.0"
"Iran, Islamic Rep.,IRN,2014,81502045.0"
"Iran, Islamic Rep.,IRN,2013,80414686.0"
"Iran, Islamic Rep.,IRN,2012,79370580.0"
"Iran, Islamic Rep.,IRN,2011,78383598.0"
"Iran, Islamic Rep.,IRN,2010,77420842.0"
"Iraq,IRQ,2019,41192171.0"
"Iraq,IRQ,2018,40265624.0"
"Iraq,IRQ,2017,39337353.0"
"Iraq,IRQ,2016,38469627.0"
"Iraq,IRQ,2015,37560535.0"
"Iraq,IRQ,2014,36550059.0"
"Iraq,IRQ,2013,35281989.0"
"Iraq,IRQ,2012,33654842.0"
"Iraq,IRQ,2011,32161424.0"
"Iraq,IRQ,2010,31045366.0"
"Ireland,IRL,2019,4976456.0"
"Ireland,IRL,2018,4898022.0"
"Ireland,IRL,2017,4827445.0"
"Ireland,IRL,2016,4762722.0"
"Ireland,IRL,2015,4701957.0"
"Ireland,IRL,2014,4657740.0"
"Ireland,IRL,2013,4623816.0"
"Ireland,IRL,2012,4599533.0"
"Ireland,IRL,2011,4580084.0"
"Ireland,IRL,2010,4560155.0"
"Isle of Man,IMN,2019,83957.0"
"Isle of Man,IMN,2018,83805.0"
"Isle of Man,IMN,2017,83609.0"
"Isle of Man,IMN,2016,83466.0"
"Isle of Man,IMN,2015,83593.0"
"Isle of Man,IMN,2014,83892.0"
"Isle of Man,IMN,2013,84141.0"
"Isle of Man,IMN,2012,84335.0"
"Isle of Man,IMN,2011,84382.0"
"Isle of Man,IMN,2010,83873.0"
"Israel,ISR,2019,9054000.0"
"Israel,ISR,2018,8882800.0"
"Israel,ISR,2017,8713300.0"
"Israel,ISR,2016,8546000.0"
"Israel,ISR,2015,8380100.0"
"Israel,ISR,2014,8215700.0"
"Israel,ISR,2013,8059500.0"
"Israel,ISR,2012,7910500.0"
"Israel,ISR,2011,7765800.0"
"Israel,ISR,2010,7623600.0"
"Italy,ITA,2019,59729081.0"
"Italy,ITA,2018,60148658.0"
"Italy,ITA,2017,60002252.0"
"Italy,ITA,2016,60115223.0"
"Italy,ITA,2015,60229605.0"
"Italy,ITA,2014,60320707.0"
"Italy,ITA,2013,60311613.0"
"Italy,ITA,2012,60191247.0"
"Italy,ITA,2011,60026841.0"
"Italy,ITA,2010,59819407.0"
"Jamaica,JAM,2019,2823271.0"
"Jamaica,JAM,2018,2820097.0"
"Jamaica,JAM,2017,2815764.0"
"Jamaica,JAM,2016,2809915.0"
"Jamaica,JAM,2015,2802534.0"
"Jamaica,JAM,2014,2793749.0"
"Jamaica,JAM,2013,2783687.0"
"Jamaica,JAM,2012,2772430.0"
"Jamaica,JAM,2011,2760494.0"
"Jamaica,JAM,2010,2748568.0"
"Japan,JPN,2019,126633000.0"
"Japan,JPN,2018,126811000.0"
"Japan,JPN,2017,126972000.0"
"Japan,JPN,2016,127076000.0"
"Japan,JPN,2015,127141000.0"
"Japan,JPN,2014,127276000.0"
"Japan,JPN,2013,127445000.0"
"Japan,JPN,2012,127629000.0"
"Japan,JPN,2011,127833000.0"
"Japan,JPN,2010,128070000.0"
"Jordan,JOR,2019,10671891.0"
"Jordan,JOR,2018,10462306.0"
"Jordan,JOR,2017,10234226.0"
"Jordan,JOR,2016,10006367.0"
"Jordan,JOR,2015,9544729.0"
"Jordan,JOR,2014,8791710.0"
"Jordan,JOR,2013,7991809.0"
"Jordan,JOR,2012,7587127.0"
"Jordan,JOR,2011,7480424.0"
"Jordan,JOR,2010,7297043.0"
"Kazakhstan,KAZ,2019,19209555.0"
"Kazakhstan,KAZ,2018,18932727.0"
"Kazakhstan,KAZ,2017,18651931.0"
"Kazakhstan,KAZ,2016,18363600.0"
"Kazakhstan,KAZ,2015,18084169.0"
"Kazakhstan,KAZ,2014,17816285.0"
"Kazakhstan,KAZ,2013,17556502.0"
"Kazakhstan,KAZ,2012,17306106.0"
"Kazakhstan,KAZ,2011,17066002.0"
"Kazakhstan,KAZ,2010,16836810.0"
"Kenya,KEN,2019,51202827.0"
"Kenya,KEN,2018,50207107.0"
"Kenya,KEN,2017,49197766.0"
"Kenya,KEN,2016,48139687.0"
"Kenya,KEN,2015,47088526.0"
"Kenya,KEN,2014,46051440.0"
"Kenya,KEN,2013,44986791.0"
"Kenya,KEN,2012,43888303.0"
"Kenya,KEN,2011,42758461.0"
"Kenya,KEN,2010,41598567.0"
"Kiribati,KIR,2019,123921.0"
"Kiribati,KIR,2018,122084.0"
"Kiribati,KIR,2017,120275.0"
"Kiribati,KIR,2016,118478.0"
"Kiribati,KIR,2015,116815.0"
"Kiribati,KIR,2014,115326.0"
"Kiribati,KIR,2013,113838.0"
"Kiribati,KIR,2012,112284.0"
"Kiribati,KIR,2011,110647.0"
"Kiribati,KIR,2010,108704.0"
"Korea, Dem. People's Rep.,PRK,2019,26037632.0"
"Korea, Dem. People's Rep.,PRK,2018,25931147.0"
"Korea, Dem. People's Rep.,PRK,2017,25817709.0"
"Korea, Dem. People's Rep.,PRK,2016,25698326.0"
"Korea, Dem. People's Rep.,PRK,2015,25575350.0"
"Korea, Dem. People's Rep.,PRK,2014,25451262.0"
"Korea, Dem. People's Rep.,PRK,2013,25329451.0"
"Korea, Dem. People's Rep.,PRK,2012,25211728.0"
"Korea, Dem. People's Rep.,PRK,2011,25097874.0"
"Korea, Dem. People's Rep.,PRK,2010,24987258.0"
"Korea, Rep.,KOR,2019,51764822.0"
"Korea, Rep.,KOR,2018,51585058.0"
"Korea, Rep.,KOR,2017,51361911.0"
"Korea, Rep.,KOR,2016,51217803.0"
"Korea, Rep.,KOR,2015,51014947.0"
"Korea, Rep.,KOR,2014,50746659.0"
"Korea, Rep.,KOR,2013,50428893.0"
"Korea, Rep.,KOR,2012,50199853.0"
"Korea, Rep.,KOR,2011,49936638.0"
"Korea, Rep.,KOR,2010,49554112.0"
"Kosovo,XKX,2019,1788891.0"
"Kosovo,XKX,2018,1797086.0"
"Kosovo,XKX,2017,1791019.0"
"Kosovo,XKX,2016,1777568.0"
"Kosovo,XKX,2015,1788274.0"
"Kosovo,XKX,2014,1812788.0"
"Kosovo,XKX,2013,1818119.0"
"Kosovo,XKX,2012,1807126.0"
"Kosovo,XKX,2011,1791949.0"
"Kosovo,XKX,2010,1788743.0"
"Kuwait,KWT,2019,4442316.0"
"Kuwait,KWT,2018,4323515.0"
"Kuwait,KWT,2017,4154812.0"
"Kuwait,KWT,2016,4004096.0"
"Kuwait,KWT,2015,3834574.0"
"Kuwait,KWT,2014,3665876.0"
"Kuwait,KWT,2013,3507844.0"
"Kuwait,KWT,2012,3337109.0"
"Kuwait,KWT,2011,3132814.0"
"Kuwait,KWT,2010,2943372.0"
"Kyrgyz Republic,KGZ,2019,6590211.0"
"Kyrgyz Republic,KGZ,2018,6444079.0"
"Kyrgyz Republic,KGZ,2017,6306696.0"
"Kyrgyz Republic,KGZ,2016,6175338.0"
"Kyrgyz Republic,KGZ,2015,6040036.0"
"Kyrgyz Republic,KGZ,2014,5905848.0"
"Kyrgyz Republic,KGZ,2013,5777150.0"
"Kyrgyz Republic,KGZ,2012,5652076.0"
"Kyrgyz Republic,KGZ,2011,5546587.0"
"Kyrgyz Republic,KGZ,2010,5467059.0"
"Lao PDR,LAO,2019,7237636.0"
"Lao PDR,LAO,2018,7128045.0"
"Lao PDR,LAO,2017,7018147.0"
"Lao PDR,LAO,2016,6908802.0"
"Lao PDR,LAO,2015,6801645.0"
"Lao PDR,LAO,2014,6703172.0"
"Lao PDR,LAO,2013,6611385.0"
"Lao PDR,LAO,2012,6518978.0"
"Lao PDR,LAO,2011,6426590.0"
"Lao PDR,LAO,2010,6334194.0"
"Latvia,LVA,2019,1913822.0"
"Latvia,LVA,2018,1927174.0"
"Latvia,LVA,2017,1942248.0"
"Latvia,LVA,2016,1959537.0"
"Latvia,LVA,2015,1977527.0"
"Latvia,LVA,2014,1993782.0"
"Latvia,LVA,2013,2012647.0"
"Latvia,LVA,2012,2034319.0"
"Latvia,LVA,2011,2059709.0"
"Latvia,LVA,2010,2097555.0"
"Lebanon,LBN,2019,5794594.0"
"Lebanon,LBN,2018,5984119.0"
"Lebanon,LBN,2017,6160128.0"
"Lebanon,LBN,2016,6323060.0"
"Lebanon,LBN,2015,6472469.0"
"Lebanon,LBN,2014,6346990.0"
"Lebanon,LBN,2013,5743436.0"
"Lebanon,LBN,2012,5235742.0"
"Lebanon,LBN,2011,5096020.0"
"Lebanon,LBN,2010,5041288.0"
"Lesotho,LSO,2019,2209405.0"
"Lesotho,LSO,2018,2183603.0"
"Lesotho,LSO,2017,2157110.0"
"Lesotho,LSO,2016,2130422.0"
"Lesotho,LSO,2015,2104611.0"
"Lesotho,LSO,2014,2080089.0"
"Lesotho,LSO,2013,2056504.0"
"Lesotho,LSO,2012,2034354.0"
"Lesotho,LSO,2011,2014009.0"
"Lesotho,LSO,2010,1996251.0"
"Liberia,LBR,2019,5043721.0"
"Liberia,LBR,2018,4944726.0"
"Liberia,LBR,2017,4848925.0"
"Liberia,LBR,2016,4755608.0"
"Liberia,LBR,2015,4659431.0"
"Liberia,LBR,2014,4564293.0"
"Liberia,LBR,2013,4470239.0"
"Liberia,LBR,2012,4373043.0"
"Liberia,LBR,2011,4221178.0"
"Liberia,LBR,2010,4058890.0"
"Libya,LBY,2019,6951033.0"
"Libya,LBY,2018,6849055.0"
"Libya,LBY,2017,6738770.0"
"Libya,LBY,2016,6632126.0"
"Libya,LBY,2015,6531819.0"
"Libya,LBY,2014,6427252.0"
"Libya,LBY,2013,6304628.0"
"Libya,LBY,2012,6179328.0"
"Libya,LBY,2011,6343203.0"
"Libya,LBY,2010,6497839.0"
"Liechtenstein,LIE,2019,38563.0"
"Liechtenstein,LIE,2018,38246.0"
"Liechtenstein,LIE,2017,37962.0"
"Liechtenstein,LIE,2016,37716.0"
"Liechtenstein,LIE,2015,37494.0"
"Liechtenstein,LIE,2014,37248.0"
"Liechtenstein,LIE,2013,36984.0"
"Liechtenstein,LIE,2012,36657.0"
"Liechtenstein,LIE,2011,36312.0"
"Liechtenstein,LIE,2010,36022.0"
"Lithuania,LTU,2019,2811089.0"
"Lithuania,LTU,2018,2819200.0"
"Lithuania,LTU,2017,2842639.0"
"Lithuania,LTU,2016,2877325.0"
"Lithuania,LTU,2015,2911109.0"
"Lithuania,LTU,2014,2937253.0"
"Lithuania,LTU,2013,2961250.0"
"Lithuania,LTU,2012,2989139.0"
"Lithuania,LTU,2011,3028115.0"
"Lithuania,LTU,2010,3097282.0"
"Luxembourg,LUX,2019,620001.0"
"Luxembourg,LUX,2018,607950.0"
"Luxembourg,LUX,2017,596336.0"
"Luxembourg,LUX,2016,582014.0"
"Luxembourg,LUX,2015,569604.0"
"Luxembourg,LUX,2014,556319.0"
"Luxembourg,LUX,2013,543360.0"
"Luxembourg,LUX,2012,530946.0"
"Luxembourg,LUX,2011,518347.0"
"Luxembourg,LUX,2010,506953.0"
"Macao SAR, China,MAC,2019,672000.0"
"Macao SAR, China,MAC,2018,658900.0"
"Macao SAR, China,MAC,2017,648400.0"
"Macao SAR, China,MAC,2016,652500.0"
"Macao SAR, China,MAC,2015,642900.0"
"Macao SAR, China,MAC,2014,621700.0"
"Macao SAR, China,MAC,2013,591900.0"
"Macao SAR, China,MAC,2012,567900.0"
"Macao SAR, China,MAC,2011,549600.0"
"Macao SAR, China,MAC,2010,537000.0"
"Madagascar,MDG,2019,28219554.0"
"Madagascar,MDG,2018,27494926.0"
"Madagascar,MDG,2017,26788375.0"
"Madagascar,MDG,2016,26099952.0"
"Madagascar,MDG,2015,25426702.0"
"Madagascar,MDG,2014,24764348.0"
"Madagascar,MDG,2013,24109290.0"
"Madagascar,MDG,2012,23462438.0"
"Madagascar,MDG,2011,22822300.0"
"Madagascar,MDG,2010,22183340.0"
"Malawi,MWI,2019,19025752.0"
"Malawi,MWI,2018,18528081.0"
"Malawi,MWI,2017,18039715.0"
"Malawi,MWI,2016,17557739.0"
"Malawi,MWI,2015,17085587.0"
"Malawi,MWI,2014,16621538.0"
"Malawi,MWI,2013,16161816.0"
"Malawi,MWI,2012,15709577.0"
"Malawi,MWI,2011,15265022.0"
"Malawi,MWI,2010,14826463.0"
"Malaysia,MYS,2019,33440596.0"
"Malaysia,MYS,2018,32910967.0"
"Malaysia,MYS,2017,32355644.0"
"Malaysia,MYS,2016,31789685.0"
"Malaysia,MYS,2015,31232798.0"
"Malaysia,MYS,2014,30696137.0"
"Malaysia,MYS,2013,30174265.0"
"Malaysia,MYS,2012,29662831.0"
"Malaysia,MYS,2011,29162039.0"
"Malaysia,MYS,2010,28655776.0"
"Maldives,MDV,2019,487731.0"
"Maldives,MDV,2018,473099.0"
"Maldives,MDV,2017,458287.0"
"Maldives,MDV,2016,443308.0"
"Maldives,MDV,2015,428154.0"
"Maldives,MDV,2014,413617.0"
"Maldives,MDV,2013,400070.0"
"Maldives,MDV,2012,386818.0"
"Maldives,MDV,2011,373674.0"
"Maldives,MDV,2010,360792.0"
"Mali,MLI,2019,21068405.0"
"Mali,MLI,2018,20442030.0"
"Mali,MLI,2017,19813011.0"
"Mali,MLI,2016,19191289.0"
"Mali,MLI,2015,18593022.0"
"Mali,MLI,2014,18020267.0"
"Mali,MLI,2013,17459615.0"
"Mali,MLI,2012,16957033.0"
"Mali,MLI,2011,16469049.0"
"Mali,MLI,2010,15945198.0"
"Malta,MLT,2019,503912.0"
"Malta,MLT,2018,483903.0"
"Malta,MLT,2017,467106.0"
"Malta,MLT,2016,454505.0"
"Malta,MLT,2015,444220.0"
"Malta,MLT,2014,433481.0"
"Malta,MLT,2013,424810.0"
"Malta,MLT,2012,420028.0"
"Malta,MLT,2011,416268.0"
"Malta,MLT,2010,414508.0"
"Marshall Islands,MHL,2019,44007.0"
"Marshall Islands,MHL,2018,45285.0"
"Marshall Islands,MHL,2017,46529.0"
"Marshall Islands,MHL,2016,47709.0"
"Marshall Islands,MHL,2015,48800.0"
"Marshall Islands,MHL,2014,49796.0"
"Marshall Islands,MHL,2013,50681.0"
"Marshall Islands,MHL,2012,51419.0"
"Marshall Islands,MHL,2011,51907.0"
"Marshall Islands,MHL,2010,52044.0"
"Mauritania,MRT,2019,4467708.0"
"Mauritania,MRT,2018,4337685.0"
"Mauritania,MRT,2017,4210600.0"
"Mauritania,MRT,2016,4086657.0"
"Mauritania,MRT,2015,3965959.0"
"Mauritania,MRT,2014,3848514.0"
"Mauritania,MRT,2013,3734318.0"
"Mauritania,MRT,2012,3619034.0"
"Mauritania,MRT,2011,3502811.0"
"Mauritania,MRT,2010,3390965.0"
"Mauritius,MUS,2019,1265985.0"
"Mauritius,MUS,2018,1265577.0"
"Mauritius,MUS,2017,1264887.0"
"Mauritius,MUS,2016,1263747.0"
"Mauritius,MUS,2015,1262879.0"
"Mauritius,MUS,2014,1261208.0"
"Mauritius,MUS,2013,1258927.0"
"Mauritius,MUS,2012,1255882.0"
"Mauritius,MUS,2011,1252404.0"
"Mauritius,MUS,2010,1250400.0"
"Mexico,MEX,2019,125762982.0"
"Mexico,MEX,2018,124573711.0"
"Mexico,MEX,2017,123400057.0"
"Mexico,MEX,2016,122251351.0"
"Mexico,MEX,2015,121072306.0"
"Mexico,MEX,2014,119784261.0"
"Mexico,MEX,2013,118343573.0"
"Mexico,MEX,2012,116818208.0"
"Mexico,MEX,2011,115243504.0"
"Mexico,MEX,2010,113623895.0"
"Micronesia, Fed. Sts.,FSM,2019,110282.0"
"Micronesia, Fed. Sts.,FSM,2018,109909.0"
"Micronesia, Fed. Sts.,FSM,2017,109481.0"
"Micronesia, Fed. Sts.,FSM,2016,109075.0"
"Micronesia, Fed. Sts.,FSM,2015,108716.0"
"Micronesia, Fed. Sts.,FSM,2014,108396.0"
"Micronesia, Fed. Sts.,FSM,2013,108121.0"
"Micronesia, Fed. Sts.,FSM,2012,107890.0"
"Micronesia, Fed. Sts.,FSM,2011,107698.0"
"Micronesia, Fed. Sts.,FSM,2010,107540.0"
"Moldova,MDA,2019,2664224.0"
"Moldova,MDA,2018,2707203.0"
"Moldova,MDA,2017,2755189.0"
"Moldova,MDA,2016,2803186.0"
"Moldova,MDA,2015,2835978.0"
"Moldova,MDA,2014,2857815.0"
"Moldova,MDA,2013,2859558.0"
"Moldova,MDA,2012,2860324.0"
"Moldova,MDA,2011,2860699.0"
"Moldova,MDA,2010,2862354.0"
"Monaco,MCO,2019,38109.0"
"Monaco,MCO,2018,38154.0"
"Monaco,MCO,2017,37678.0"
"Monaco,MCO,2016,37276.0"
"Monaco,MCO,2015,36757.0"
"Monaco,MCO,2014,36128.0"
"Monaco,MCO,2013,35447.0"
"Monaco,MCO,2012,34711.0"
"Monaco,MCO,2011,33946.0"
"Monaco,MCO,2010,33163.0"
"Mongolia,MNG,2019,3267673.0"
"Mongolia,MNG,2018,3208189.0"
"Mongolia,MNG,2017,3148917.0"
"Mongolia,MNG,2016,3088856.0"
"Mongolia,MNG,2015,3026864.0"
"Mongolia,MNG,2014,2963113.0"
"Mongolia,MNG,2013,2899011.0"
"Mongolia,MNG,2012,2839705.0"
"Mongolia,MNG,2011,2786317.0"
"Mongolia,MNG,2010,2738622.0"
"Montenegro,MNE,2019,626753.0"
"Montenegro,MNE,2018,626438.0"
"Montenegro,MNE,2017,625982.0"
"Montenegro,MNE,2016,625353.0"
"Montenegro,MNE,2015,624651.0"
"Montenegro,MNE,2014,623744.0"
"Montenegro,MNE,2013,622587.0"
"Montenegro,MNE,2012,621418.0"
"Montenegro,MNE,2011,620345.0"
"Montenegro,MNE,2010,619428.0"
"Morocco,MAR,2019,36210898.0"
"Morocco,MAR,2018,35839760.0"
"Morocco,MAR,2017,35446392.0"
"Morocco,MAR,2016,35023457.0"
"Morocco,MAR,2015,34607588.0"
"Morocco,MAR,2014,34204780.0"
"Morocco,MAR,2013,33787571.0"
"Morocco,MAR,2012,33355241.0"
"Morocco,MAR,2011,32912588.0"
"Morocco,MAR,2010,32467016.0"
"Mozambique,MOZ,2019,29884380.0"
"Mozambique,MOZ,2018,29018644.0"
"Mozambique,MOZ,2017,28166393.0"
"Mozambique,MOZ,2016,27337105.0"
"Mozambique,MOZ,2015,26547572.0"
"Mozambique,MOZ,2014,25788475.0"
"Mozambique,MOZ,2013,25051611.0"
"Mozambique,MOZ,2012,24337846.0"
"Mozambique,MOZ,2011,23649039.0"
"Mozambique,MOZ,2010,22999235.0"
"Myanmar,MMR,2019,52640713.0"
"Myanmar,MMR,2018,52272247.0"
"Myanmar,MMR,2017,51894938.0"
"Myanmar,MMR,2016,51495696.0"
"Myanmar,MMR,2015,51089056.0"
"Myanmar,MMR,2014,50681634.0"
"Myanmar,MMR,2013,50262658.0"
"Myanmar,MMR,2012,49837446.0"
"Myanmar,MMR,2011,49419820.0"
"Myanmar,MMR,2010,49024382.0"
"Namibia,NAM,2019,2650494.0"
"Namibia,NAM,2018,2577327.0"
"Namibia,NAM,2017,2506853.0"
"Namibia,NAM,2016,2439213.0"
"Namibia,NAM,2015,2374300.0"
"Namibia,NAM,2014,2312139.0"
"Namibia,NAM,2013,2252508.0"
"Namibia,NAM,2012,2194654.0"
"Namibia,NAM,2011,2146325.0"
"Namibia,NAM,2010,2109811.0"
"Nauru,NRU,2019,11587.0"
"Nauru,NRU,2018,11477.0"
"Nauru,NRU,2017,11324.0"
"Nauru,NRU,2016,11150.0"
"Nauru,NRU,2015,10954.0"
"Nauru,NRU,2014,10742.0"
"Nauru,NRU,2013,10517.0"
"Nauru,NRU,2012,10267.0"
"Nauru,NRU,2011,10098.0"
"Nauru,NRU,2010,10043.0"
"Nepal,NPL,2019,28414064.0"
"Nepal,NPL,2018,28079689.0"
"Nepal,NPL,2017,28011258.0"
"Nepal,NPL,2016,27955462.0"
"Nepal,NPL,2015,27823629.0"
"Nepal,NPL,2014,27672370.0"
"Nepal,NPL,2013,27589996.0"
"Nepal,NPL,2012,27534915.0"
"Nepal,NPL,2011,27464494.0"
"Nepal,NPL,2010,27341952.0"
"Netherlands,NLD,2019,17344874.0"
"Netherlands,NLD,2018,17231624.0"
"Netherlands,NLD,2017,17131296.0"
"Netherlands,NLD,2016,17030314.0"
"Netherlands,NLD,2015,16939923.0"
"Netherlands,NLD,2014,16865008.0"
"Netherlands,NLD,2013,16804432.0"
"Netherlands,NLD,2012,16754962.0"
"Netherlands,NLD,2011,16693074.0"
"Netherlands,NLD,2010,16615394.0"
"New Caledonia,NCL,2019,283606.0"
"New Caledonia,NCL,2018,283541.0"
"New Caledonia,NCL,2017,283546.0"
"New Caledonia,NCL,2016,283423.0"
"New Caledonia,NCL,2015,283168.0"
"New Caledonia,NCL,2014,281224.0"
"New Caledonia,NCL,2013,276822.0"
"New Caledonia,NCL,2012,271633.0"
"New Caledonia,NCL,2011,266543.0"
"New Caledonia,NCL,2010,261582.0"
"New Zealand,NZL,2019,4970300.0"
"New Zealand,NZL,2018,4900600.0"
"New Zealand,NZL,2017,4813600.0"
"New Zealand,NZL,2016,4714100.0"
"New Zealand,NZL,2015,4609400.0"
"New Zealand,NZL,2014,4516500.0"
"New Zealand,NZL,2013,4442100.0"
"New Zealand,NZL,2012,4408100.0"
"New Zealand,NZL,2011,4384000.0"
"New Zealand,NZL,2010,4350700.0"
"Nicaragua,NIC,2019,6483657.0"
"Nicaragua,NIC,2018,6400080.0"
"Nicaragua,NIC,2017,6316231.0"
"Nicaragua,NIC,2016,6232666.0"
"Nicaragua,NIC,2015,6149417.0"
"Nicaragua,NIC,2014,6066492.0"
"Nicaragua,NIC,2013,5983845.0"
"Nicaragua,NIC,2012,5901287.0"
"Nicaragua,NIC,2011,5819051.0"
"Nicaragua,NIC,2010,5737450.0"
"Niger,NER,2019,22947757.0"
"Niger,NER,2018,22188069.0"
"Niger,NER,2017,21435446.0"
"Niger,NER,2016,20685753.0"
"Niger,NER,2015,19939498.0"
"Niger,NER,2014,19215909.0"
"Niger,NER,2013,18519898.0"
"Niger,NER,2012,17836769.0"
"Niger,NER,2011,17176283.0"
"Niger,NER,2010,16548835.0"
"Nigeria,NGA,2019,209485641.0"
"Nigeria,NGA,2018,204938755.0"
"Nigeria,NGA,2017,200254579.0"
"Nigeria,NGA,2016,195443700.0"
"Nigeria,NGA,2015,190671878.0"
"Nigeria,NGA,2014,185896915.0"
"Nigeria,NGA,2013,181049443.0"
"Nigeria,NGA,2012,176200625.0"
"Nigeria,NGA,2011,171379598.0"
"Nigeria,NGA,2010,166642886.0"
"North Macedonia,MKD,2019,1876262.0"
"North Macedonia,MKD,2018,1889051.0"
"North Macedonia,MKD,2017,1898657.0"
"North Macedonia,MKD,2016,1906313.0"
"North Macedonia,MKD,2015,1912430.0"
"North Macedonia,MKD,2014,1917557.0"
"North Macedonia,MKD,2013,1922716.0"
"North Macedonia,MKD,2012,1929821.0"
"North Macedonia,MKD,2011,1937398.0"
"North Macedonia,MKD,2010,1946298.0"
"Northern Mariana Islands,MNP,2019,48129.0"
"Northern Mariana Islands,MNP,2018,49077.0"
"Northern Mariana Islands,MNP,2017,49959.0"
"Northern Mariana Islands,MNP,2016,50773.0"
"Northern Mariana Islands,MNP,2015,51514.0"
"Northern Mariana Islands,MNP,2014,52178.0"
"Northern Mariana Islands,MNP,2013,52758.0"
"Northern Mariana Islands,MNP,2012,53234.0"
"Northern Mariana Islands,MNP,2011,53608.0"
"Northern Mariana Islands,MNP,2010,54091.0"
"Norway,NOR,2019,5347896.0"
"Norway,NOR,2018,5311916.0"
"Norway,NOR,2017,5276968.0"
"Norway,NOR,2016,5234519.0"
"Norway,NOR,2015,5188607.0"
"Norway,NOR,2014,5137232.0"
"Norway,NOR,2013,5079623.0"
"Norway,NOR,2012,5018573.0"
"Norway,NOR,2011,4953088.0"
"Norway,NOR,2010,4889252.0"
"Oman,OMN,2019,4591241.0"
"Oman,OMN,2018,4597877.0"
"Oman,OMN,2017,4537396.0"
"Oman,OMN,2016,4390877.0"
"Oman,OMN,2015,4184895.0"
"Oman,OMN,2014,4002439.0"
"Oman,OMN,2013,3833913.0"
"Oman,OMN,2012,3547106.0"
"Oman,OMN,2011,3076763.0"
"Oman,OMN,2010,2757446.0"
"Pakistan,PAK,2019,230800899.0"
"Pakistan,PAK,2018,226928892.0"
"Pakistan,PAK,2017,223273967.0"
"Pakistan,PAK,2016,220138869.0"
"Pakistan,PAK,2015,217290883.0"
"Pakistan,PAK,2014,214264647.0"
"Pakistan,PAK,2013,211073978.0"
"Pakistan,PAK,2012,207667125.0"
"Pakistan,PAK,2011,203746065.0"
"Pakistan,PAK,2010,199239047.0"
"Palau,PLW,2019,17798.0"
"Palau,PLW,2018,17814.0"
"Palau,PLW,2017,17812.0"
"Palau,PLW,2016,17797.0"
"Palau,PLW,2015,17770.0"
"Palau,PLW,2014,17715.0"
"Palau,PLW,2013,17648.0"
"Palau,PLW,2012,17765.0"
"Palau,PLW,2011,18078.0"
"Palau,PLW,2010,18396.0"
"Panama,PAN,2019,4234700.0"
"Panama,PAN,2018,4167860.0"
"Panama,PAN,2017,4098707.0"
"Panama,PAN,2016,4029086.0"
"Panama,PAN,2015,3960035.0"
"Panama,PAN,2014,3892101.0"
"Panama,PAN,2013,3825329.0"
"Panama,PAN,2012,3759256.0"
"Panama,PAN,2011,3693505.0"
"Panama,PAN,2010,3628535.0"
"Papua New Guinea,PNG,2019,9609010.0"
"Papua New Guinea,PNG,2018,9394513.0"
"Papua New Guinea,PNG,2017,9178714.0"
"Papua New Guinea,PNG,2016,8961718.0"
"Papua New Guinea,PNG,2015,8743246.0"
"Papua New Guinea,PNG,2014,8523441.0"
"Papua New Guinea,PNG,2013,8302698.0"
"Papua New Guinea,PNG,2012,8081390.0"
"Papua New Guinea,PNG,2011,7859346.0"
"Papua New Guinea,PNG,2010,7633523.0"
"Paraguay,PRY,2019,6515058.0"
"Paraguay,PRY,2018,6427382.0"
"Paraguay,PRY,2017,6338660.0"
"Paraguay,PRY,2016,6249126.0"
"Paraguay,PRY,2015,6159103.0"
"Paraguay,PRY,2014,6069811.0"
"Paraguay,PRY,2013,5982445.0"
"Paraguay,PRY,2012,5897008.0"
"Paraguay,PRY,2011,5814626.0"
"Paraguay,PRY,2010,5737971.0"
"Peru,PER,2019,32449303.0"
"Peru,PER,2018,31897584.0"
"Peru,PER,2017,31324637.0"
"Peru,PER,2016,30866494.0"
"Peru,PER,2015,30457600.0"
"Peru,PER,2014,30115826.0"
"Peru,PER,2013,29817919.0"
"Peru,PER,2012,29550366.0"
"Peru,PER,2011,29304086.0"
"Peru,PER,2010,29086019.0"
"Philippines,PHL,2019,110804683.0"
"Philippines,PHL,2018,109465287.0"
"Philippines,PHL,2017,108119693.0"
"Philippines,PHL,2016,106735719.0"
"Philippines,PHL,2015,105312992.0"
"Philippines,PHL,2014,103767130.0"
"Philippines,PHL,2013,102076336.0"
"Philippines,PHL,2012,100175512.0"
"Philippines,PHL,2011,98248614.0"
"Philippines,PHL,2010,96337125.0"
"Poland,POL,2019,37965475.0"
"Poland,POL,2018,37974750.0"
"Poland,POL,2017,37974826.0"
"Poland,POL,2016,37970087.0"
"Poland,POL,2015,37986412.0"
"Poland,POL,2014,38011735.0"
"Poland,POL,2013,38040196.0"
"Poland,POL,2012,38063164.0"
"Poland,POL,2011,38063255.0"
"Poland,POL,2010,38042794.0"
"Portugal,PRT,2019,10286263.0"
"Portugal,PRT,2018,10283822.0"
"Portugal,PRT,2017,10300300.0"
"Portugal,PRT,2016,10325452.0"
"Portugal,PRT,2015,10358076.0"
"Portugal,PRT,2014,10401062.0"
"Portugal,PRT,2013,10457295.0"
"Portugal,PRT,2012,10514844.0"
"Portugal,PRT,2011,10557560.0"
"Portugal,PRT,2010,10573100.0"
"Puerto Rico (US),PRI,2019,3302691.0"
"Puerto Rico (US),PRI,2018,3290690.0"
"Puerto Rico (US),PRI,2017,3410837.0"
"Puerto Rico (US),PRI,2016,3480432.0"
"Puerto Rico (US),PRI,2015,3535167.0"
"Puerto Rico (US),PRI,2014,3585017.0"
"Puerto Rico (US),PRI,2013,3631427.0"
"Puerto Rico (US),PRI,2012,3661045.0"
"Puerto Rico (US),PRI,2011,3693464.0"
"Puerto Rico (US),PRI,2010,3724465.0"
"Qatar,QAT,2019,2638657.0"
"Qatar,QAT,2018,2580734.0"
"Qatar,QAT,2017,2545820.0"
"Qatar,QAT,2016,2477113.0"
"Qatar,QAT,2015,2344557.0"
"Qatar,QAT,2014,2151745.0"
"Qatar,QAT,2013,1916426.0"
"Qatar,QAT,2012,1722438.0"
"Qatar,QAT,2011,1624761.0"
"Qatar,QAT,2010,1616832.0"
"Romania,ROU,2019,19371648.0"
"Romania,ROU,2018,19473970.0"
"Romania,ROU,2017,19588715.0"
"Romania,ROU,2016,19702267.0"
"Romania,ROU,2015,19815616.0"
"Romania,ROU,2014,19908979.0"
"Romania,ROU,2013,19983693.0"
"Romania,ROU,2012,20058035.0"
"Romania,ROU,2011,20147528.0"
"Romania,ROU,2010,20246871.0"
"Russian Federation,RUS,2019,145453291.0"
"Russian Federation,RUS,2018,145398106.0"
"Russian Federation,RUS,2017,145293260.0"
"Russian Federation,RUS,2016,145015460.0"
"Russian Federation,RUS,2015,144640716.0"
"Russian Federation,RUS,2014,144237223.0"
"Russian Federation,RUS,2013,143805638.0"
"Russian Federation,RUS,2012,143378447.0"
"Russian Federation,RUS,2011,143018195.0"
"Russian Federation,RUS,2010,142849468.0"
"Rwanda,RWA,2019,12776103.0"
"Rwanda,RWA,2018,12487996.0"
"Rwanda,RWA,2017,12202060.0"
"Rwanda,RWA,2016,11919183.0"
"Rwanda,RWA,2015,11640022.0"
"Rwanda,RWA,2014,11364757.0"
"Rwanda,RWA,2013,11093340.0"
"Rwanda,RWA,2012,10829901.0"
"Rwanda,RWA,2011,10573733.0"
"Rwanda,RWA,2010,10317553.0"
"Samoa,WSM,2019,209780.0"
"Samoa,WSM,2018,207582.0"
"Samoa,WSM,2017,205415.0"
"Samoa,WSM,2016,203499.0"
"Samoa,WSM,2015,201782.0"
"Samoa,WSM,2014,200037.0"
"Samoa,WSM,2013,198268.0"
"Samoa,WSM,2012,196498.0"
"Samoa,WSM,2011,194713.0"
"Samoa,WSM,2010,193023.0"
"San Marino,SMR,2019,34663.0"
"San Marino,SMR,2018,34522.0"
"San Marino,SMR,2017,33825.0"
"San Marino,SMR,2016,33101.0"
"San Marino,SMR,2015,32897.0"
"San Marino,SMR,2014,32655.0"
"San Marino,SMR,2013,33041.0"
"San Marino,SMR,2012,33469.0"
"San Marino,SMR,2011,32620.0"
"San Marino,SMR,2010,33270.0"
"Sao Tome and Principe,STP,2019,213392.0"
"Sao Tome and Principe,STP,2018,210187.0"
"Sao Tome and Principe,STP,2017,206970.0"
"Sao Tome and Principe,STP,2016,203689.0"
"Sao Tome and Principe,STP,2015,200291.0"
"Sao Tome and Principe,STP,2014,196767.0"
"Sao Tome and Principe,STP,2013,193148.0"
"Sao Tome and Principe,STP,2012,189439.0"
"Sao Tome and Principe,STP,2011,185649.0"
"Sao Tome and Principe,STP,2010,181802.0"
"Saudi Arabia,SAU,2019,30063799.0"
"Saudi Arabia,SAU,2018,30196281.0"
"Saudi Arabia,SAU,2017,30977355.0"
"Saudi Arabia,SAU,2016,30954198.0"
"Saudi Arabia,SAU,2015,29816382.0"
"Saudi Arabia,SAU,2014,28309273.0"
"Saudi Arabia,SAU,2013,27624004.0"
"Saudi Arabia,SAU,2012,26168861.0"
"Saudi Arabia,SAU,2011,25091867.0"
"Saudi Arabia,SAU,2010,23978487.0"
"Senegal,SEN,2019,16352922.0"
"Senegal,SEN,2018,15914498.0"
"Senegal,SEN,2017,15475002.0"
"Senegal,SEN,2016,15034521.0"
"Senegal,SEN,2015,14593331.0"
"Senegal,SEN,2014,14152102.0"
"Senegal,SEN,2013,13710849.0"
"Senegal,SEN,2012,13310495.0"
"Senegal,SEN,2011,12958897.0"
"Senegal,SEN,2010,12635413.0"
"Serbia,SRB,2019,6945235.0"
"Serbia,SRB,2018,6982604.0"
"Serbia,SRB,2017,7020858.0"
"Serbia,SRB,2016,7058322.0"
"Serbia,SRB,2015,7095383.0"
"Serbia,SRB,2014,7131787.0"
"Serbia,SRB,2013,7166553.0"
"Serbia,SRB,2012,7201497.0"
"Serbia,SRB,2011,7236519.0"
"Serbia,SRB,2010,7291436.0"
"Seychelles,SYC,2019,97625.0"
"Seychelles,SYC,2018,96762.0"
"Seychelles,SYC,2017,95843.0"
"Seychelles,SYC,2016,94677.0"
"Seychelles,SYC,2015,93419.0"
"Seychelles,SYC,2014,91359.0"
"Seychelles,SYC,2013,89949.0"
"Seychelles,SYC,2012,88303.0"
"Seychelles,SYC,2011,87441.0"
"Seychelles,SYC,2010,89770.0"
"Sierra Leone,SLE,2019,7731991.0"
"Sierra Leone,SLE,2018,7554563.0"
"Sierra Leone,SLE,2017,7379299.0"
"Sierra Leone,SLE,2016,7205328.0"
"Sierra Leone,SLE,2015,7037655.0"
"Sierra Leone,SLE,2014,6876385.0"
"Sierra Leone,SLE,2013,6714051.0"
"Sierra Leone,SLE,2012,6551080.0"
"Sierra Leone,SLE,2011,6387251.0"
"Sierra Leone,SLE,2010,6222714.0"
"Singapore,SGP,2019,5703569.0"
"Singapore,SGP,2018,5638676.0"
"Singapore,SGP,2017,5612253.0"
"Singapore,SGP,2016,5607283.0"
"Singapore,SGP,2015,5535002.0"
"Singapore,SGP,2014,5469724.0"
"Singapore,SGP,2013,5399162.0"
"Singapore,SGP,2012,5312437.0"
"Singapore,SGP,2011,5183688.0"
"Singapore,SGP,2010,5076732.0"
"Sint Maarten (Dutch part),SXM,2019,40385.0"
"Sint Maarten (Dutch part),SXM,2018,39712.0"
"Sint Maarten (Dutch part),SXM,2017,38996.0"
"Sint Maarten (Dutch part),SXM,2016,38249.0"
"Sint Maarten (Dutch part),SXM,2015,37471.0"
"Sint Maarten (Dutch part),SXM,2014,36672.0"
"Sint Maarten (Dutch part),SXM,2013,35854.0"
"Sint Maarten (Dutch part),SXM,2012,35023.0"
"Sint Maarten (Dutch part),SXM,2011,34267.0"
"Sint Maarten (Dutch part),SXM,2010,33794.0"
"Slovak Republic,SVK,2019,5454147.0"
"Slovak Republic,SVK,2018,5446771.0"
"Slovak Republic,SVK,2017,5439232.0"
"Slovak Republic,SVK,2016,5430798.0"
"Slovak Republic,SVK,2015,5423801.0"
"Slovak Republic,SVK,2014,5418649.0"
"Slovak Republic,SVK,2013,5413393.0"
"Slovak Republic,SVK,2012,5407579.0"
"Slovak Republic,SVK,2011,5398384.0"
"Slovak Republic,SVK,2010,5391428.0"
"Slovenia,SVN,2019,2088385.0"
"Slovenia,SVN,2018,2073894.0"
"Slovenia,SVN,2017,2066388.0"
"Slovenia,SVN,2016,2065042.0"
"Slovenia,SVN,2015,2063531.0"
"Slovenia,SVN,2014,2061980.0"
"Slovenia,SVN,2013,2059953.0"
"Slovenia,SVN,2012,2057159.0"
"Slovenia,SVN,2011,2052843.0"
"Slovenia,SVN,2010,2048583.0"
"Solomon Islands,SLB,2019,728147.0"
"Solomon Islands,SLB,2018,709101.0"
"Solomon Islands,SLB,2017,685672.0"
"Solomon Islands,SLB,2016,662379.0"
"Solomon Islands,SLB,2015,639415.0"
"Solomon Islands,SLB,2014,616908.0"
"Solomon Islands,SLB,2013,594945.0"
"Solomon Islands,SLB,2012,573606.0"
"Solomon Islands,SLB,2011,552945.0"
"Solomon Islands,SLB,2010,532968.0"
"Somalia, Fed. Rep.,SOM,2019,16030971.0"
"Somalia, Fed. Rep.,SOM,2018,15452487.0"
"Somalia, Fed. Rep.,SOM,2017,14916629.0"
"Somalia, Fed. Rep.,SOM,2016,14348740.0"
"Somalia, Fed. Rep.,SOM,2015,13806963.0"
"Somalia, Fed. Rep.,SOM,2014,13339491.0"
"Somalia, Fed. Rep.,SOM,2013,12869594.0"
"Somalia, Fed. Rep.,SOM,2012,12461160.0"
"Somalia, Fed. Rep.,SOM,2011,12348830.0"
"Somalia, Fed. Rep.,SOM,2010,12261756.0"
"South Africa,ZAF,2019,59587885.0"
"South Africa,ZAF,2018,58613001.0"
"South Africa,ZAF,2017,57635162.0"
"South Africa,ZAF,2016,57259551.0"
"South Africa,ZAF,2015,56723537.0"
"South Africa,ZAF,2014,55594838.0"
"South Africa,ZAF,2013,54678791.0"
"South Africa,ZAF,2012,53782567.0"
"South Africa,ZAF,2011,52995205.0"
"South Africa,ZAF,2010,52344051.0"
"South Sudan,SSD,2019,10423384.0"
"South Sudan,SSD,2018,10122977.0"
"South Sudan,SSD,2017,10259154.0"
"South Sudan,SSD,2016,10830102.0"
"South Sudan,SSD,2015,11107561.0"
"South Sudan,SSD,2014,11235073.0"
"South Sudan,SSD,2013,11166275.0"
"South Sudan,SSD,2012,10756240.0"
"South Sudan,SSD,2011,10288109.0"
"South Sudan,SSD,2010,9745953.0"
"Spain,ESP,2019,47118501.0"
"Spain,ESP,2018,46782011.0"
"Spain,ESP,2017,46571232.0"
"Spain,ESP,2016,46458139.0"
"Spain,ESP,2015,46422303.0"
"Spain,ESP,2014,46460733.0"
"Spain,ESP,2013,46604197.0"
"Spain,ESP,2012,46773055.0"
"Spain,ESP,2011,46742697.0"
"Spain,ESP,2010,46576897.0"
"Sri Lanka,LKA,2019,21803000.0"
"Sri Lanka,LKA,2018,21670000.0"
"Sri Lanka,LKA,2017,21453000.0"
"Sri Lanka,LKA,2016,21209000.0"
"Sri Lanka,LKA,2015,20970000.0"
"Sri Lanka,LKA,2014,20778000.0"
"Sri Lanka,LKA,2013,20585000.0"
"Sri Lanka,LKA,2012,21169458.0"
"Sri Lanka,LKA,2011,21009048.0"
"Sri Lanka,LKA,2010,20879089.0"
"St. Kitts and Nevis,KNA,2019,46952.0"
"St. Kitts and Nevis,KNA,2018,47008.0"
"St. Kitts and Nevis,KNA,2017,47050.0"
"St. Kitts and Nevis,KNA,2016,47075.0"
"St. Kitts and Nevis,KNA,2015,47087.0"
"St. Kitts and Nevis,KNA,2014,47089.0"
"St. Kitts and Nevis,KNA,2013,47069.0"
"St. Kitts and Nevis,KNA,2012,47033.0"
"St. Kitts and Nevis,KNA,2011,46886.0"
"St. Kitts and Nevis,KNA,2010,46846.0"
"St. Lucia,LCA,2019,177661.0"
"St. Lucia,LCA,2018,177017.0"
"St. Lucia,LCA,2017,176342.0"
"St. Lucia,LCA,2016,175646.0"
"St. Lucia,LCA,2015,174905.0"
"St. Lucia,LCA,2014,174138.0"
"St. Lucia,LCA,2013,173369.0"
"St. Lucia,LCA,2012,172587.0"
"St. Lucia,LCA,2011,171801.0"
"St. Lucia,LCA,2010,170906.0"
"St. Martin (French part),MAF,2019,34267.0"
"St. Martin (French part),MAF,2018,36012.0"
"St. Martin (French part),MAF,2017,36837.0"
"St. Martin (French part),MAF,2016,37175.0"
"St. Martin (French part),MAF,2015,37369.0"
"St. Martin (French part),MAF,2014,37450.0"
"St. Martin (French part),MAF,2013,37419.0"
"St. Martin (French part),MAF,2012,37276.0"
"St. Martin (French part),MAF,2011,37069.0"
"St. Martin (French part),MAF,2010,36856.0"
"St. Vincent and the Grenadines,VCT,2019,104167.0"
"St. Vincent and the Grenadines,VCT,2018,104926.0"
"St. Vincent and the Grenadines,VCT,2017,105663.0"
"St. Vincent and the Grenadines,VCT,2016,106349.0"
"St. Vincent and the Grenadines,VCT,2015,106960.0"
"St. Vincent and the Grenadines,VCT,2014,107535.0"
"St. Vincent and the Grenadines,VCT,2013,108135.0"
"St. Vincent and the Grenadines,VCT,2012,108736.0"
"St. Vincent and the Grenadines,VCT,2011,109349.0"
"St. Vincent and the Grenadines,VCT,2010,109959.0"
"Sudan,SDN,2019,45548175.0"
"Sudan,SDN,2018,44230596.0"
"Sudan,SDN,2017,42714306.0"
"Sudan,SDN,2016,41259892.0"
"Sudan,SDN,2015,40024431.0"
"Sudan,SDN,2014,38823318.0"
"Sudan,SDN,2013,37785849.0"
"Sudan,SDN,2012,36923178.0"
"Sudan,SDN,2011,36140806.0"
"Sudan,SDN,2010,35414399.0"
"Suriname,SUR,2019,605768.0"
"Suriname,SUR,2018,599513.0"
"Suriname,SUR,2017,593713.0"
"Suriname,SUR,2016,587757.0"
"Suriname,SUR,2015,581627.0"
"Suriname,SUR,2014,575373.0"
"Suriname,SUR,2013,569020.0"
"Suriname,SUR,2012,562633.0"
"Suriname,SUR,2011,556269.0"
"Suriname,SUR,2010,549923.0"
"Sweden,SWE,2019,10278887.0"
"Sweden,SWE,2018,10175214.0"
"Sweden,SWE,2017,10057698.0"
"Sweden,SWE,2016,9923085.0"
"Sweden,SWE,2015,9799186.0"
"Sweden,SWE,2014,9696110.0"
"Sweden,SWE,2013,9600379.0"
"Sweden,SWE,2012,9519374.0"
"Sweden,SWE,2011,9449213.0"
"Sweden,SWE,2010,9378126.0"
"Switzerland,CHE,2019,8575280.0"
"Switzerland,CHE,2018,8514329.0"
"Switzerland,CHE,2017,8451840.0"
"Switzerland,CHE,2016,8373338.0"
"Switzerland,CHE,2015,8282396.0"
"Switzerland,CHE,2014,8188649.0"
"Switzerland,CHE,2013,8089346.0"
"Switzerland,CHE,2012,7996861.0"
"Switzerland,CHE,2011,7912398.0"
"Switzerland,CHE,2010,7824909.0"
"Syrian Arab Republic,SYR,2019,20353534.0"
"Syrian Arab Republic,SYR,2018,19577845.0"
"Syrian Arab Republic,SYR,2017,19224668.0"
"Syrian Arab Republic,SYR,2016,19193834.0"
"Syrian Arab Republic,SYR,2015,19424618.0"
"Syrian Arab Republic,SYR,2014,20273659.0"
"Syrian Arab Republic,SYR,2013,21666917.0"
"Syrian Arab Republic,SYR,2012,22759763.0"
"Syrian Arab Republic,SYR,2011,22878098.0"
"Syrian Arab Republic,SYR,2010,22482421.0"
"Tajikistan,TJK,2019,9529966.0"
"Tajikistan,TJK,2018,9307333.0"
"Tajikistan,TJK,2017,9085946.0"
"Tajikistan,TJK,2016,8865631.0"
"Tajikistan,TJK,2015,8643840.0"
"Tajikistan,TJK,2014,8425552.0"
"Tajikistan,TJK,2013,8216724.0"
"Tajikistan,TJK,2012,8014084.0"
"Tajikistan,TJK,2011,7824785.0"
"Tajikistan,TJK,2010,7652141.0"
"Tanzania,TZA,2019,59174891.0"
"Tanzania,TZA,2018,57437145.0"
"Tanzania,TZA,2017,55652890.0"
"Tanzania,TZA,2016,53824013.0"
"Tanzania,TZA,2015,52020962.0"
"Tanzania,TZA,2014,50351512.0"
"Tanzania,TZA,2013,48824128.0"
"Tanzania,TZA,2012,47374260.0"
"Tanzania,TZA,2011,46029367.0"
"Tanzania,TZA,2010,44758488.0"
"Thailand,THA,2019,71522271.0"
"Thailand,THA,2018,71376079.0"
"Thailand,THA,2017,71160187.0"
"Thailand,THA,2016,70859841.0"
"Thailand,THA,2015,70540795.0"
"Thailand,THA,2014,70216367.0"
"Thailand,THA,2013,69845114.0"
"Thailand,THA,2012,69436098.0"
"Thailand,THA,2011,69007208.0"
"Thailand,THA,2010,68579447.0"
"Timor-Leste,TLS,2019,1300945.0"
"Timor-Leste,TLS,2018,1275959.0"
"Timor-Leste,TLS,2017,1251703.0"
"Timor-Leste,TLS,2016,1228312.0"
"Timor-Leste,TLS,2015,1205131.0"
"Timor-Leste,TLS,2014,1181903.0"
"Timor-Leste,TLS,2013,1158695.0"
"Timor-Leste,TLS,2012,1134885.0"
"Timor-Leste,TLS,2011,1110207.0"
"Timor-Leste,TLS,2010,1084679.0"
"Togo,TGO,2019,8463068.0"
"Togo,TGO,2018,8258778.0"
"Togo,TGO,2017,8057140.0"
"Togo,TGO,2016,7858289.0"
"Togo,TGO,2015,7663195.0"
"Togo,TGO,2014,7472450.0"
"Togo,TGO,2013,7285442.0"
"Togo,TGO,2012,7100736.0"
"Togo,TGO,2011,6916474.0"
"Togo,TGO,2010,6732590.0"
"Tonga,TON,2019,105669.0"
"Tonga,TON,2018,105567.0"
"Tonga,TON,2017,105356.0"
"Tonga,TON,2016,105524.0"
"Tonga,TON,2015,106095.0"
"Tonga,TON,2014,106609.0"
"Tonga,TON,2013,107078.0"
"Tonga,TON,2012,107460.0"
"Tonga,TON,2011,107570.0"
"Tonga,TON,2010,107400.0"
"Trinidad and Tobago,TTO,2019,1363985.0"
"Trinidad and Tobago,TTO,2018,1359193.0"
"Trinidad and Tobago,TTO,2017,1356633.0"
"Trinidad and Tobago,TTO,2016,1353895.0"
"Trinidad and Tobago,TTO,2015,1349667.0"
"Trinidad and Tobago,TTO,2014,1345343.0"
"Trinidad and Tobago,TTO,2013,1340557.0"
"Trinidad and Tobago,TTO,2012,1335194.0"
"Trinidad and Tobago,TTO,2011,1328019.0"
"Trinidad and Tobago,TTO,2010,1317714.0"
"Tunisia,TUN,2019,11875081.0"
"Tunisia,TUN,2018,11765514.0"
"Tunisia,TUN,2017,11650498.0"
"Tunisia,TUN,2016,11528674.0"
"Tunisia,TUN,2015,11402264.0"
"Tunisia,TUN,2014,11274288.0"
"Tunisia,TUN,2013,11141361.0"
"Tunisia,TUN,2012,11009647.0"
"Tunisia,TUN,2011,10886035.0"
"Tunisia,TUN,2010,10765980.0"
"Turkiye,TUR,2019,82579440.0"
"Turkiye,TUR,2018,81407204.0"
"Turkiye,TUR,2017,80312698.0"
"Turkiye,TUR,2016,79277962.0"
"Turkiye,TUR,2015,78218479.0"
"Turkiye,TUR,2014,77181884.0"
"Turkiye,TUR,2013,76147624.0"
"Turkiye,TUR,2012,75175827.0"
"Turkiye,TUR,2011,74223629.0"
"Turkiye,TUR,2010,73142150.0"
"Turkmenistan,TKM,2019,6803944.0"
"Turkmenistan,TKM,2018,6655524.0"
"Turkmenistan,TKM,2017,6507061.0"
"Turkmenistan,TKM,2016,6360041.0"
"Turkmenistan,TKM,2015,6215770.0"
"Turkmenistan,TKM,2014,6075283.0"
"Turkmenistan,TKM,2013,5939341.0"
"Turkmenistan,TKM,2012,5808546.0"
"Turkmenistan,TKM,2011,5683417.0"
"Turkmenistan,TKM,2010,5564356.0"
"Turks and Caicos Islands,TCA,2019,43166.0"
"Turks and Caicos Islands,TCA,2018,41559.0"
"Turks and Caicos Islands,TCA,2017,39913.0"
"Turks and Caicos Islands,TCA,2016,38315.0"
"Turks and Caicos Islands,TCA,2015,36605.0"
"Turks and Caicos Islands,TCA,2014,35050.0"
"Turks and Caicos Islands,TCA,2013,33653.0"
"Turks and Caicos Islands,TCA,2012,32127.0"
"Turks and Caicos Islands,TCA,2011,30846.0"
"Turks and Caicos Islands,TCA,2010,29739.0"
"Tuvalu,TUV,2019,10581.0"
"Tuvalu,TUV,2018,10751.0"
"Tuvalu,TUV,2017,10869.0"
"Tuvalu,TUV,2016,10930.0"
"Tuvalu,TUV,2015,10963.0"
"Tuvalu,TUV,2014,10984.0"
"Tuvalu,TUV,2013,11001.0"
"Tuvalu,TUV,2012,10934.0"
"Tuvalu,TUV,2011,10780.0"
"Tuvalu,TUV,2010,10614.0"
"Uganda,UGA,2019,42999637.0"
"Uganda,UGA,2018,41565831.0"
"Uganda,UGA,2017,40177388.0"
"Uganda,UGA,2016,38799152.0"
"Uganda,UGA,2015,37531446.0"
"Uganda,UGA,2014,36395539.0"
"Uganda,UGA,2013,35337042.0"
"Uganda,UGA,2012,34337438.0"
"Uganda,UGA,2011,33354543.0"
"Uganda,UGA,2010,32390802.0"
"Ukraine,UKR,2019,44957458.0"
"Ukraine,UKR,2018,45208907.0"
"Ukraine,UKR,2017,45436041.0"
"Ukraine,UKR,2016,45616832.0"
"Ukraine,UKR,2015,45784896.0"
"Ukraine,UKR,2014,45972380.0"
"Ukraine,UKR,2013,46126770.0"
"Ukraine,UKR,2012,46210056.0"
"Ukraine,UKR,2011,46307853.0"
"Ukraine,UKR,2010,46456003.0"
"United Arab Emirates,ARE,2019,9445785.0"
"United Arab Emirates,ARE,2018,9346701.0"
"United Arab Emirates,ARE,2017,9223225.0"
"United Arab Emirates,ARE,2016,8935095.0"
"United Arab Emirates,ARE,2015,8505237.0"
"United Arab Emirates,ARE,2014,8059440.0"
"United Arab Emirates,ARE,2013,7693031.0"
"United Arab Emirates,ARE,2012,7391448.0"
"United Arab Emirates,ARE,2011,7104538.0"
"United Arab Emirates,ARE,2010,6869838.0"
"United Kingdom,GBR,2019,66631000.0"
"United Kingdom,GBR,2018,66289000.0"
"United Kingdom,GBR,2017,65966000.0"
"United Kingdom,GBR,2016,65607000.0"
"United Kingdom,GBR,2015,65088000.0"
"United Kingdom,GBR,2014,64620000.0"
"United Kingdom,GBR,2013,64139000.0"
"United Kingdom,GBR,2012,63711000.0"
"United Kingdom,GBR,2011,63258810.0"
"United Kingdom,GBR,2010,62766365.0"
"United States,USA,2019,330226227.0"
"United States,USA,2018,328529577.0"
"United States,USA,2017,326608609.0"
"United States,USA,2016,324353340.0"
"United States,USA,2015,321815121.0"
"United States,USA,2014,319257560.0"
"United States,USA,2013,316726282.0"
"United States,USA,2012,314339099.0"
"United States,USA,2011,311839461.0"
"United States,USA,2010,309378227.0"
"Uruguay,URY,2019,3397206.0"
"Uruguay,URY,2018,3394534.0"
"Uruguay,URY,2017,3388438.0"
"Uruguay,URY,2016,3379283.0"
"Uruguay,URY,2015,3368017.0"
"Uruguay,URY,2014,3356334.0"
"Uruguay,URY,2013,3345337.0"
"Uruguay,URY,2012,3335401.0"
"Uruguay,URY,2011,3326825.0"
"Uruguay,URY,2010,3318580.0"
"Uzbekistan,UZB,2019,32964701.0"
"Uzbekistan,UZB,2018,32373490.0"
"Uzbekistan,UZB,2017,31819178.0"
"Uzbekistan,UZB,2016,31284568.0"
"Uzbekistan,UZB,2015,30749346.0"
"Uzbekistan,UZB,2014,30222994.0"
"Uzbekistan,UZB,2013,29724065.0"
"Uzbekistan,UZB,2012,29261903.0"
"Uzbekistan,UZB,2011,28823196.0"
"Uzbekistan,UZB,2010,28385506.0"
"Vanuatu,VUT,2019,291985.0"
"Vanuatu,VUT,2018,285259.0"
"Vanuatu,VUT,2017,278507.0"
"Vanuatu,VUT,2016,272087.0"
"Vanuatu,VUT,2015,266101.0"
"Vanuatu,VUT,2014,260240.0"
"Vanuatu,VUT,2013,254482.0"
"Vanuatu,VUT,2012,248883.0"
"Vanuatu,VUT,2011,243474.0"
"Vanuatu,VUT,2010,238248.0"
"Venezuela, RB,VEN,2019,28938098.0"
"Venezuela, RB,VEN,2018,29807592.0"
"Venezuela, RB,VEN,2017,30565323.0"
"Venezuela, RB,VEN,2016,30765720.0"
"Venezuela, RB,VEN,2015,30573972.0"
"Venezuela, RB,VEN,2014,30254079.0"
"Venezuela, RB,VEN,2013,29912198.0"
"Venezuela, RB,VEN,2012,29553826.0"
"Venezuela, RB,VEN,2011,29185212.0"
"Venezuela, RB,VEN,2010,28813101.0"
"Viet Nam,VNM,2019,97173776.0"
"Viet Nam,VNM,2018,96237319.0"
"Viet Nam,VNM,2017,95176977.0"
"Viet Nam,VNM,2016,94000117.0"
"Viet Nam,VNM,2015,92823254.0"
"Viet Nam,VNM,2014,91679578.0"
"Viet Nam,VNM,2013,90573104.0"
"Viet Nam,VNM,2012,89510356.0"
"Viet Nam,VNM,2011,88468314.0"
"Viet Nam,VNM,2010,87455152.0"
"Virgin Islands (U.S.),VIR,2019,106669.0"
"Virgin Islands (U.S.),VIR,2018,107001.0"
"Virgin Islands (U.S.),VIR,2017,107281.0"
"Virgin Islands (U.S.),VIR,2016,107516.0"
"Virgin Islands (U.S.),VIR,2015,107712.0"
"Virgin Islands (U.S.),VIR,2014,107882.0"
"Virgin Islands (U.S.),VIR,2013,108041.0"
"Virgin Islands (U.S.),VIR,2012,108188.0"
"Virgin Islands (U.S.),VIR,2011,108290.0"
"Virgin Islands (U.S.),VIR,2010,108357.0"
"West Bank and Gaza,PSE,2019,4685306.0"
"West Bank and Gaza,PSE,2018,4569087.0"
"West Bank and Gaza,PSE,2017,4454805.0"
"West Bank and Gaza,PSE,2016,4367088.0"
"West Bank and Gaza,PSE,2015,4270092.0"
"West Bank and Gaza,PSE,2014,4173398.0"
"West Bank and Gaza,PSE,2013,4076708.0"
"West Bank and Gaza,PSE,2012,3979998.0"
"West Bank and Gaza,PSE,2011,3882986.0"
"West Bank and Gaza,PSE,2010,3786161.0"
"Yemen, Rep.,YEM,2019,35111408.0"
"Yemen, Rep.,YEM,2018,34085182.0"
"Yemen, Rep.,YEM,2017,33090921.0"
"Yemen, Rep.,YEM,2016,32109010.0"
"Yemen, Rep.,YEM,2015,31159379.0"
"Yemen, Rep.,YEM,2014,30226309.0"
"Yemen, Rep.,YEM,2013,29312952.0"
"Yemen, Rep.,YEM,2012,28433647.0"
"Yemen, Rep.,YEM,2011,27582897.0"
"Yemen, Rep.,YEM,2010,26754387.0"
"Zambia,ZMB,2019,18513839.0"
"Zambia,ZMB,2018,17973569.0"
"Zambia,ZMB,2017,17441320.0"
"Zambia,ZMB,2016,16914423.0"
"Zambia,ZMB,2015,16399089.0"
"Zambia,ZMB,2014,15895315.0"
"Zambia,ZMB,2013,15398997.0"
"Zambia,ZMB,2012,14913629.0"
"Zambia,ZMB,2011,14437796.0"
"Zambia,ZMB,2010,13965594.0"
"Zimbabwe,ZWE,2019,15271368.0"
"Zimbabwe,ZWE,2018,15034452.0"
"Zimbabwe,ZWE,2017,14812482.0"
"Zimbabwe,ZWE,2016,14600294.0"
"Zimbabwe,ZWE,2015,14399013.0"
"Zimbabwe,ZWE,2014,14207359.0"
"Zimbabwe,ZWE,2013,14013808.0"
"Zimbabwe,ZWE,2012,13817887.0"
"Zimbabwe,ZWE,2011,13595424.0"
"Zimbabwe,ZWE,2010,13356548.0"
